"Name","Stack","Comment","Type","Class","File"
"get-mouse-xy","hWnd -- x y","W32F","COLON","","Generic.htm#0"
"Generic-Window","","","CLASS","","Generic.htm#1"
"hWnd","","","INT ivar","Generic-Window","Generic.htm#2"
"SendMessage:Self","lParam wParam message -- result","","COLON","Generic-Window","Generic.htm#3"
"SendMessage:SelfDrop","lParam wParam message --","","COLON","Generic-Window","Generic.htm#4"
"Classinit:","--","","METHOD","Generic-Window","Generic.htm#5"
"GetHandle:","-- hWnd","","METHOD","Generic-Window","Generic.htm#6"
"PutHandle:","hWnd --","","METHOD","Generic-Window","Generic.htm#7"
"ZeroWindow:","--","","METHOD","Generic-Window","Generic.htm#8"
"DestroyWindow:","--","","METHOD","Generic-Window","Generic.htm#9"
"Close:","--","","METHOD","Generic-Window","Generic.htm#10"
"Paint:","--","","METHOD","Generic-Window","Generic.htm#11"
"IsVisible?:","-- f","","METHOD","Generic-Window","Generic.htm#12"
"SetRedraw:","f --","","METHOD","Generic-Window","Generic.htm#13"
"Show:","state --","","METHOD","Generic-Window","Generic.htm#14"
"GDIFlush:","--","","METHOD","Generic-Window","Generic.htm#15"
"Update:","--","","METHOD","Generic-Window","Generic.htm#16"
"Scroll:","x y --","","METHOD","Generic-Window","Generic.htm#17"
"Move:","x y w h --","","METHOD","Generic-Window","Generic.htm#18"
"SetWindowPos:","x y --","","METHOD","Generic-Window","Generic.htm#19"
"GetWindowRect:","-- left top right bottom","","METHOD","Generic-Window","Generic.htm#20"
"SetMenu:","MenuHandle --","","METHOD","Generic-Window","Generic.htm#21"
"SetText:","addr len \ text$ --","","METHOD","Generic-Window","Generic.htm#22"
"GetText:","-- addr len","","METHOD","Generic-Window","Generic.htm#23"
"SetTextAlign:","flag --","","METHOD","Generic-Window","Generic.htm#24"
"GetDC:","-- hdc","","METHOD","Generic-Window","Generic.htm#25"
"GetWindowDC:","-- hdc","","METHOD","Generic-Window","Generic.htm#26"
"ReleaseDC:","hdc --","","METHOD","Generic-Window","Generic.htm#27"
"BeginPaint:","ps -- hdc","","METHOD","Generic-Window","Generic.htm#28"
"EndPaint:","ps --","","METHOD","Generic-Window","Generic.htm#29"
"GetClientRect:","rect --","","METHOD","Generic-Window","Generic.htm#30"
"GetWindowLong:","index -- value","","METHOD","Generic-Window","Generic.htm#31"
"SetWindowLong:","value index -- oldval","","METHOD","Generic-Window","Generic.htm#32"
"GetStyle:","-- style","","METHOD","Generic-Window","Generic.htm#33"
"SetStyle:","style --","","METHOD","Generic-Window","Generic.htm#34"
"+Style:","style --","","METHOD","Generic-Window","Generic.htm#35"
"-Style:","style --","","METHOD","Generic-Window","Generic.htm#36"
"SetFocus:","--","","METHOD","Generic-Window","Generic.htm#37"
"SetForegroundWindow:","--","","METHOD","Generic-Window","Generic.htm#38"
"SetActiveWindow:","--","","METHOD","Generic-Window","Generic.htm#39"
"MessageBox:","szText szTitle style -- result","","METHOD","Generic-Window","Generic.htm#40"
"InvalidateRect:","bgflag rectangle --","","METHOD","Generic-Window","Generic.htm#41"
"GetDlgItem:","id -- handle","","METHOD","Generic-Window","Generic.htm#42"
"GetDlgItemText:","addr len id -- len","","METHOD","Generic-Window","Generic.htm#43"
"SetDlgItemText:","addr len id --","","METHOD","Generic-Window","Generic.htm#44"
"SetDlgItemFocus:","id --","","METHOD","Generic-Window","Generic.htm#45"
"SelectDlgItemAll:","id --","","METHOD","Generic-Window","Generic.htm#46"
"IsDlgButtonChecked:","id -- f1","","METHOD","Generic-Window","Generic.htm#47"
"CheckDlgButton:","uCheck id --","","METHOD","Generic-Window","Generic.htm#48"
"SetDlgItemAlign:","flag id --","","METHOD","Generic-Window","Generic.htm#49"
"SetAlign:","flag id --","DEPRECATED","METHOD","Generic-Window","Generic.htm#50"
"EnableDlgItem:","flag id --","","METHOD","Generic-Window","Generic.htm#51"
"ShowDlgItem:","flag id --","","METHOD","Generic-Window","Generic.htm#52"
"CheckRadioButton:","check_id first_id last_id --","","METHOD","Generic-Window","Generic.htm#53"
"SendDlgItemMessage:","lParam wParam message id -- long","","METHOD","Generic-Window","Generic.htm#54"
"SetDlgItemFont:","FontObject id --","","METHOD","Generic-Window","Generic.htm#55"
"+DialogList","--","link into dialog list in Start:","COLON","Generic-Window","Generic.htm#56"
"-DialogList","--","don't link from dialog list in Start:","COLON","Generic-Window","Generic.htm#57"
"On_Init:","--","","METHOD","Generic-Window","Generic.htm#58"
"On_Done:","--","","METHOD","Generic-Window","Generic.htm#59"
"Window","","","CLASS","","Window.htm#0"
"ClassInit:","--","","METHOD","Window","Window.htm#1"
"GetSize:","--width height","","METHOD","Window","Window.htm#2"
"Width:","-- width","","METHOD","Window","Window.htm#3"
"Height:","-- height","","METHOD","Window","Window.htm#4"
"SetSize:","width height --","","METHOD","Window","Window.htm#5"
"On_Size:","hndl msg wParam --","","METHOD","Window","Window.htm#6"
"MinSize:","-- width height","","METHOD","Window","Window.htm#7"
"MaxSize:","-- width height","","METHOD","Window","Window.htm#8"
"StartSize:","-- width height","","METHOD","Window","Window.htm#9"
"SetOrigin:","x y --","","METHOD","Window","Window.htm#10"
"StartPos:","-- left top","","METHOD","Window","Window.htm#11"
"SetClassLong:","long offset --","","METHOD","Window","Window.htm#12"
"GetClassLong:","offset -- long","","METHOD","Window","Window.htm#13"
"WndClassStyle:","-- style","","METHOD","Window","Window.htm#14"
"Start:","--","","METHOD","Window","Window.htm#15"
"SetClassName:","addr len --","","METHOD","Window","Window.htm#16"
"GetClassName:","-- addr len","","METHOD","Window","Window.htm#17"
"SetParentWindow:","hWndParent --","","METHOD","Window","Window.htm#18"
"GetParentWindow:","-- hWndParent","","METHOD","Window","Window.htm#19"
"SetParent:","hWndParent --","","METHOD","Window","Window.htm#20"
"ParentWindow:","-- hWndParent","","METHOD","Window","Window.htm#21"
"DefaultCursor:","-- cursor-id","","METHOD","Window","Window.htm#22"
"DefaultIcon:","-- hIcon","","METHOD","Window","Window.htm#23"
"WindowStyle:","-- style","","METHOD","Window","Window.htm#24"
"ExWindowStyle:","-- extended_style","","METHOD","Window","Window.htm#25"
"WindowTitle:","-- Zstring","","METHOD","Window","Window.htm#26"
"&ps","","","RECORD:","Window","Window.htm#28"
"On_EraseBackground:","hwnd msg wparam lparam -- res","","METHOD","Window","Window.htm#29"
"On_Paint:","--","","METHOD","Window","Window.htm#30"
"WindowHasMenu:","-- flag","","METHOD","Window","Window.htm#31"
"MoveCursor:","gx gy --","","METHOD","Window","Window.htm#32"
"MakeCursor:","gx gy width height --","","METHOD","Window","Window.htm#33"
"DestroyCursor:","--","","METHOD","Window","Window.htm#34"
"ShowCursor:","--","","METHOD","Window","Window.htm#35"
"HideCursor:","--","","METHOD","Window","Window.htm#36"
"On_SetFocus:","h m w l --","","METHOD","Window","Window.htm#37"
"On_KillFocus:","h m w l --","","METHOD","Window","Window.htm#38"
"PushKey:","c1 --","","METHOD","Window","Window.htm#39"
"DefWindowProc:","h m w l -- res","","METHOD","Window","Window.htm#40"
"CenterWindow:","-- x y","","METHOD","Window","Window.htm#41"
"Enable:","f1 --","","METHOD","Window","Window.htm#42"
"SetTitle:","adr len \ temp$ --","","METHOD","Window","Window.htm#43"
"find-window","z""a1 -- hWnd","w32f","COLON","","Window.htm#45"
"send-window","lParam wParam Message_ID hWnd --","w32f","COLON","","Window.htm#46"
"LoadIconFile","adr len -- hIcon","w32f","COLON","","Window.htm#47"
"TrayWindow","","","CLASS","","TrayWindow.htm#0"
"GetTooltip:","-- addr len","","METHOD","TrayWindow","TrayWindow.htm#1"
"AddIcon:","--","","METHOD","TrayWindow","TrayWindow.htm#2"
"DeleteIcon:","--","","METHOD","TrayWindow","TrayWindow.htm#3"
"ShowWindow:","--","","METHOD","TrayWindow","TrayWindow.htm#4"
"HideWindow:","--","","METHOD","TrayWindow","TrayWindow.htm#5"
"WM_SIZE","hWnd uMsg wParam lParam -- res","","METHOD","TrayWindow","TrayWindow.htm#6"
"WM_SYSCOMMAND","hWnd uMsg wParam lParam -- res","","METHOD","TrayWindow","TrayWindow.htm#7"
"On_IconNotify:","hWnd uMsg wParam lParam -- res","","METHOD","TrayWindow","TrayWindow.htm#8"
"timer-window","","","CLASS","","TimerWindow.htm#0"
"ClassInit:","--","","METHOD","timer-window","TimerWindow.htm#1"
"KillTimer:","--","","METHOD","timer-window","TimerWindow.htm#2"
"CreateTimer:","ms --","","METHOD","timer-window","TimerWindow.htm#3"
"On_Done:","--","","METHOD","timer-window","TimerWindow.htm#4"
"On_Timer:","--","","METHOD","timer-window","TimerWindow.htm#5"
"Child-Window","","","CLASS","","Childwnd.htm#0"
"ClassInit:","--","","METHOD","Child-Window","Childwnd.htm#1"
"SetParent:","parent --","","METHOD","Child-Window","Childwnd.htm#2"
"GetParent:","-- parent","","METHOD","Child-Window","Childwnd.htm#3"
"SetID:","n --","","METHOD","Child-Window","Childwnd.htm#4"
"GetID:","-- n","","METHOD","Child-Window","Childwnd.htm#5"
"WindowStyle:","-- style","","METHOD","Child-Window","Childwnd.htm#6"
"WindowTitle:","-- Zstring","","METHOD","Child-Window","Childwnd.htm#7"
"Start:","Parent --","","METHOD","Child-Window","Childwnd.htm#8"
"AutoSize:","--","","METHOD","Child-Window","Childwnd.htm#9"
"dialogID?","hdr ID -- f","","COLON","","Dialog.htm#0"
"find-dialog-ID","id addr -- address-of-template-header","","COLON","","Dialog.htm#1"
"load-dialog","-<filename-without-an-extension>-","","COLON","","Dialog.htm#2"
"Dialog","","","CLASS","","Dialog.htm#3"
"Start:","parent -- flag","","METHOD","Dialog","Dialog.htm#4"
"EndDialog:","return-value --","","METHOD","Dialog","Dialog.htm#5"
"On_Init:","hwndfocus -- f","","METHOD","Dialog","Dialog.htm#6"
"On_Command:","hCtrl code ID -- f","","METHOD","Dialog","Dialog.htm#7"
"ModelessDialog","","","CLASS","","Dialog.htm#9"
"WindowStyle:","-- n1","","METHOD","ModelessDialog","Dialog.htm#10"
"ExWindowStyle:","-- n1","","METHOD","ModelessDialog","Dialog.htm#11"
"Origin:","-- x y","","METHOD","ModelessDialog","Dialog.htm#12"
"Start:","parent --","","METHOD","ModelessDialog","Dialog.htm#13"
"EndDialog:","n1 --","","METHOD","ModelessDialog","Dialog.htm#14"
"Control","","","|CLASS","","Control.htm#0"
"GetParent:","-- parent","","METHOD","Control","Control.htm#1"
"GetHandleOfParent:","-- handleofparent","","METHOD","Control","Control.htm#2"
"SetID:","id --","","METHOD","Control","Control.htm#3"
"GetID:","-- id","","METHOD","Control","Control.htm#4"
"ExWindowStyle:","-- exstyle","","METHOD","Control","Control.htm#5"
"WindowStyle:","-- style","","METHOD","Control","Control.htm#6"
"AddStyle:","n --","","METHOD","Control","Control.htm#7"
"StartSize:","-- width height","","METHOD","Control","Control.htm#8"
"StartPos:","-- left top","","METHOD","Control","Control.htm#9"
"AutoSize:","--","","METHOD","Control","Control.htm#10"
"CreateStruct:","-- CreateStrucPointer","","METHOD","Control","Control.htm#11"
"Enable:","f --","","METHOD","Control","Control.htm#12"
"Disable:","--","","METHOD","Control","Control.htm#13"
"EditControl","","","CLASS","","Controls.htm#0"
"ClassInit:","--","","METHOD","EditControl","Controls.htm#1"
"StartSize:","-- width height","","METHOD","EditControl","Controls.htm#2"
"WindowStyle:","-- Style","","METHOD","EditControl","Controls.htm#3"
"Start:","Parent --","","METHOD","EditControl","Controls.htm#4"
"SetWmChar:","pWmChar --","","METHOD","EditControl","Controls.htm#5"
"SetWmKeyDown:","pWmKeyDown --","","METHOD","EditControl","Controls.htm#6"
"SetWmKillFocus:","pWmKillFocus --","","METHOD","EditControl","Controls.htm#7"
"SubClass:","hWnd Parent --","","METHOD","EditControl","Controls.htm#8"
"ComboControl","","","CLASS","","Controls.htm#10"
"StartSize:","-- width height","","METHOD","ComboControl","Controls.htm#11"
"WindowStyle:","-- Style","","METHOD","ComboControl","Controls.htm#12"
"SetWmChar:","pWmChar --","","METHOD","ComboControl","Controls.htm#13"
"SetWmKeyDown:","pWmKeyDown --","","METHOD","ComboControl","Controls.htm#14"
"SetWmKillFocus:","pWmKillFocus --","","METHOD","ComboControl","Controls.htm#15"
"InsertString:","adr len --","","METHOD","ComboControl","Controls.htm#16"
"GetString:","adr index --","","METHOD","ComboControl","Controls.htm#17"
"GetCount:","-- n1","","METHOD","ComboControl","Controls.htm#18"
"Start:","Parent --","","METHOD","ComboControl","Controls.htm#19"
"ComboListControl","","","CLASS","","Controls.htm#21"
"WindowStyle:","-- Style","","METHOD","ComboListControl","Controls.htm#22"
"ListControl","","","CLASS","","Controls.htm#24"
"WindowStyle:","-- Style","","METHOD","ListControl","Controls.htm#25"
"Start:","Parent --","","METHOD","ListControl","Controls.htm#26"
"GroupControl","","","CLASS","","Controls.htm#28"
"WindowStyle:","-- Style","","METHOD","GroupControl","Controls.htm#29"
"Start:","Parent --","","METHOD","GroupControl","Controls.htm#30"
"StaticControl","","","CLASS","","Controls.htm#32"
"Start:","Parent --","","METHOD","StaticControl","Controls.htm#33"
"CheckControl","","","CLASS","","Controls.htm#35"
"WindowStyle:","-- style","","METHOD","CheckControl","Controls.htm#36"
"Start:","Parent --","","METHOD","CheckControl","Controls.htm#37"
"RadioControl","","","CLASS","","Controls.htm#39"
"WindowStyle:","-- style","","METHOD","RadioControl","Controls.htm#40"
"Start:","Parent --","","METHOD","RadioControl","Controls.htm#41"
"ButtonControl","","","CLASS","","Controls.htm#43"
"ClassInit:","--","","METHOD","ButtonControl","Controls.htm#44"
"SetFunc:","cfa --","","METHOD","ButtonControl","Controls.htm#45"
"WindowStyle:","-- style","","METHOD","ButtonControl","Controls.htm#46"
"Start:","Parent --","","METHOD","ButtonControl","Controls.htm#47"
"DialogWindow","","","CLASS","","Controls.htm#49"
"ClassInit:","--","","METHOD","DialogWindow","Controls.htm#50"
"Statusbar","","","CLASS","","Controls.htm#0"
"Start:","Parent --","","METHOD","Statusbar","Controls.htm#1"
"RaisedBorder:","--","","METHOD","Statusbar","Controls.htm#2"
"NoBorder:","--","","METHOD","Statusbar","Controls.htm#3"
"SunkenBorder:","--","","METHOD","Statusbar","Controls.htm#4"
"ClassInit:","--","","METHOD","Statusbar","Controls.htm#5"
"MinHeight:","#pixels --","","METHOD","Statusbar","Controls.htm#6"
"GetBorders:","-- hWidth vWidth divWidth","","METHOD","Statusbar","Controls.htm#7"
"Redraw:","--","","METHOD","Statusbar","Controls.htm#8"
"SetText:","szText --","","METHOD","Statusbar","Controls.htm#9"
"Clear:","--","","METHOD","Statusbar","Controls.htm#10"
"Setfont:","handle --","","METHOD","Statusbar","Controls.htm#11"
"MultiStatusbar","","","CLASS","","Controls.htm#13"
"Start:","Parent --","","METHOD","MultiStatusbar","Controls.htm#14"
"SetParts:","aWidths nParts --","","METHOD","MultiStatusbar","Controls.htm#15"
"GetParts:","-- aWidths nParts","","METHOD","MultiStatusbar","Controls.htm#16"
"SetSimple:","--","","METHOD","MultiStatusbar","Controls.htm#17"
"SetMulti:","--","","METHOD","MultiStatusbar","Controls.htm#18"
"SetText:","szText n --","","METHOD","MultiStatusbar","Controls.htm#19"
"TextBox","","","CLASS","","Controls.htm#0"
"ClassInit:","--","","METHOD","TextBox","Controls.htm#1"
"SetWmSetFocus:","xt --","","METHOD","TextBox","Controls.htm#2"
"WindowStyle:","-- style","","METHOD","TextBox","Controls.htm#3"
"ReadOnly:","f --","","METHOD","TextBox","Controls.htm#4"
"SetSelection:","nEnd nStart --","","METHOD","TextBox","Controls.htm#5"
"GetSelection:","-- nEnd nStart","","METHOD","TextBox","Controls.htm#6"
"SelectAll:","--","","METHOD","TextBox","Controls.htm#7"
"RemoveSelection:","--","","METHOD","TextBox","Controls.htm#8"
"GetCursor:","-- n","","METHOD","TextBox","Controls.htm#9"
"IsModified?:","-- f","","METHOD","TextBox","Controls.htm#10"
"SetModify:","f --","","METHOD","TextBox","Controls.htm#11"
"NotModified:","--","","METHOD","TextBox","Controls.htm#12"
"Undo?:","-- f","","METHOD","TextBox","Controls.htm#13"
"Undo:","--","","METHOD","TextBox","Controls.htm#14"
"Redo?:","-- f","","METHOD","TextBox","Controls.htm#15"
"Redo:","--","","METHOD","TextBox","Controls.htm#16"
"Cut:","--","","METHOD","TextBox","Controls.htm#17"
"Copy:","--","","METHOD","TextBox","Controls.htm#18"
"Paste:","--","","METHOD","TextBox","Controls.htm#19"
"Clear:","--","","METHOD","TextBox","Controls.htm#20"
"SetFont:","handle --","","METHOD","TextBox","Controls.htm#21"
"SetTextLimit:","n --","","METHOD","TextBox","Controls.htm#22"
"GetTextEx:","buffer$ maxlen -- buffer$ len","","METHOD","TextBox","Controls.htm#23"
"SetTextZ:","addrz --","","METHOD","TextBox","Controls.htm#24"
"PassWordBox","","","CLASS","","Controls.htm#26"
"WindowStyle:","-- style","","METHOD","PassWordBox","Controls.htm#27"
"MultiLineTextBox","","","CLASS","","Controls.htm#29"
"WindowStyle:","-- style","","METHOD","MultiLineTextBox","Controls.htm#30"
"SetTabStops:","tabarray #tabs --","","METHOD","MultiLineTextBox","Controls.htm#31"
"DefaultTabs:","--","","METHOD","MultiLineTextBox","Controls.htm#32"
"SetMargins:","left right --","","METHOD","MultiLineTextBox","Controls.htm#33"
"SelectAll:","--","","METHOD","MultiLineTextBox","Controls.htm#34"
"GetLine:","-- n","","METHOD","MultiLineTextBox","Controls.htm#35"
"Wrap:","--","","METHOD","MultiLineTextBox","Controls.htm#36"
"Unwrap:","--","","METHOD","MultiLineTextBox","Controls.htm#37"
"GetLineCount:","-- n","","METHOD","MultiLineTextBox","Controls.htm#38"
"GetSelText:","addr -- n","","METHOD","MultiLineTextBox","Controls.htm#39"
"LineScroll:","n --","","METHOD","MultiLineTextBox","Controls.htm#40"
"RichEditControl","","","CLASS","","Controls.htm#42"
"Start:","Parent --","","METHOD","RichEditControl","Controls.htm#43"
"GetSelText:","addr -- n","","METHOD","RichEditControl","Controls.htm#44"
"GetLines:","-- nr","","METHOD","RichEditControl","Controls.htm#45"
"ComboBox","","","CLASS","","Controls.htm#0"
"SetDir:","dirz$ attrib --","","METHOD","ComboBox","Controls.htm#1"
"AddStringTo:","z""string"" --","","METHOD","ComboBox","Controls.htm#2"
"SetSelection:","n --","","METHOD","ComboBox","Controls.htm#3"
"GetSelection:","-- n","","METHOD","ComboBox","Controls.htm#4"
"GetString:","index -- addr n","","METHOD","ComboBox","Controls.htm#5"
"GetSelectedString:","-- addr cnt","","METHOD","ComboBox","Controls.htm#6"
"Setfont:","handle --","","METHOD","ComboBox","Controls.htm#7"
"InsertStringAt:","lpszString posn --","","METHOD","ComboBox","Controls.htm#8"
"DeleteString:","index --","","METHOD","ComboBox","Controls.htm#9"
"Clear:","--","","METHOD","ComboBox","Controls.htm#10"
"Find:","lpszString -- index","","METHOD","ComboBox","Controls.htm#11"
"FindExact:","lpszString -- index","","METHOD","ComboBox","Controls.htm#12"
"GetCount:","-- n","","METHOD","ComboBox","Controls.htm#13"
"SelectString:","lpszString -- index","","METHOD","ComboBox","Controls.htm#14"
"GetStringAt:","index -- a n","","METHOD","ComboBox","Controls.htm#15"
"GetCurrent:","-- index","","METHOD","ComboBox","Controls.htm#16"
"Enable:","f --","","METHOD","ComboBox","Controls.htm#17"
"Disable:","--","","METHOD","ComboBox","Controls.htm#18"
"ComboListBox","","","CLASS","","Controls.htm#20"
"WindowStyle:","-- style","","METHOD","ComboListBox","Controls.htm#21"
"Start:","Parent --","","METHOD","ComboListBox","Controls.htm#22"
"ListBox","","","CLASS","","Controls.htm#24"
"SetDir:","dirz$ attrib --","","METHOD","ListBox","Controls.htm#25"
"Clear:","--","","METHOD","ListBox","Controls.htm#26"
"AddStringTo:","z""string"" --","","METHOD","ListBox","Controls.htm#27"
"SetSelection:","n --","","METHOD","ListBox","Controls.htm#28"
"GetSelection:","-- n","","METHOD","ListBox","Controls.htm#29"
"GetString:","index -- addr n","","METHOD","ListBox","Controls.htm#30"
"GetSelectedString:","-- addr cnt","","METHOD","ListBox","Controls.htm#31"
"GetCount:","-- n","","METHOD","ListBox","Controls.htm#32"
"Setfont:","handle --","","METHOD","ListBox","Controls.htm#33"
"AddString:","lpszString --","","METHOD","ListBox","Controls.htm#34"
"InsertString:","lpszString index --","","METHOD","ListBox","Controls.htm#35"
"DeleteString:","index --","","METHOD","ListBox","Controls.htm#36"
"Find:","lpszString -- index","","METHOD","ListBox","Controls.htm#37"
"FindExact:","lpszString -- index","","METHOD","ListBox","Controls.htm#38"
"GetCurrent:","-- index","","METHOD","ListBox","Controls.htm#39"
"SelectString:","lpszString -- index","","METHOD","ListBox","Controls.htm#40"
"GetState:","index -- f","","METHOD","ListBox","Controls.htm#41"
"Enable:","f --","","METHOD","ListBox","Controls.htm#42"
"Disable:","--","","METHOD","ListBox","Controls.htm#43"
"SetTabStops:","addr cnt --","","METHOD","ListBox","Controls.htm#44"
"MultiListbox","","","CLASS","","Controls.htm#46"
"WindowStyle:","-- style","","METHOD","MultiListbox","Controls.htm#47"
"Select:","index --","","METHOD","MultiListbox","Controls.htm#48"
"Unselect:","index --","","METHOD","MultiListbox","Controls.htm#49"
"GetSelCount:","-- n","","METHOD","MultiListbox","Controls.htm#50"
"GetSelectedItems:","array cnt -- count","","METHOD","MultiListbox","Controls.htm#51"
"MultiExListbox","","","CLASS","","Controls.htm#53"
"WindowStyle:","-- style","","METHOD","MultiExListbox","Controls.htm#54"
"DragListbox","","","CLASS","","Controls.htm#56"
"WindowStyle:","-- style","","METHOD","DragListbox","Controls.htm#57"
"Start:","Parent --","","METHOD","DragListbox","Controls.htm#58"
"UpDownControl","","","CLASS","","Controls.htm#0"
"WindowStyle:","-- style","","METHOD","UpDownControl","Controls.htm#1"
"Start:","Parent --","","METHOD","UpDownControl","Controls.htm#2"
"StartSize:","-- cx cy","","METHOD","UpDownControl","Controls.htm#3"
"StartPos:","-- x y","","METHOD","UpDownControl","Controls.htm#4"
"SetBuddy:","hBuddy --","","METHOD","UpDownControl","Controls.htm#5"
"GetValue:","-- n","","METHOD","UpDownControl","Controls.htm#6"
"SetValue:","n --","","METHOD","UpDownControl","Controls.htm#7"
"SetDecimal:","--","","METHOD","UpDownControl","Controls.htm#8"
"SetHex:","--","","METHOD","UpDownControl","Controls.htm#9"
"GetBase:","-- n","","METHOD","UpDownControl","Controls.htm#10"
"SetRange:","lower upper --","","METHOD","UpDownControl","Controls.htm#11"
"GetRange:","-- lower upper","","METHOD","UpDownControl","Controls.htm#12"
"Enable:","f --","","METHOD","UpDownControl","Controls.htm#13"
"Disable:","--","","METHOD","UpDownControl","Controls.htm#14"
"SpinnerControl","","","CLASS","","Controls.htm#16"
"start:","parent --","","METHOD","SpinnerControl","Controls.htm#17"
"TheBox:","-- spinbox","","METHOD","SpinnerControl","Controls.htm#18"
"Move:","x y w h --","","METHOD","SpinnerControl","Controls.htm#19"
"Select:","--","","METHOD","SpinnerControl","Controls.htm#20"
"SetFont:","hndl --","","METHOD","SpinnerControl","Controls.htm#21"
"Close:","--","","METHOD","SpinnerControl","Controls.htm#22"
"CheckBox","","","CLASS","","Controls.htm#0"
"IsButtonChecked?:","-- f","","METHOD","CheckBox","Controls.htm#1"
"Enable:","f --","","METHOD","CheckBox","Controls.htm#2"
"Disable:","--","","METHOD","CheckBox","Controls.htm#3"
"Setfont:","handle --","","METHOD","CheckBox","Controls.htm#4"
"RadioButton","","","CLASS","","Controls.htm#6"
"IsButtonChecked?:","-- f","","METHOD","RadioButton","Controls.htm#7"
"CheckButton:","--","","METHOD","RadioButton","Controls.htm#8"
"UnCheckButton:","--","","METHOD","RadioButton","Controls.htm#9"
"Check:","f --","","METHOD","RadioButton","Controls.htm#10"
"Enable:","f --","","METHOD","RadioButton","Controls.htm#11"
"Disable:","--","","METHOD","RadioButton","Controls.htm#12"
"Setfont:","handle --","","METHOD","RadioButton","Controls.htm#13"
"GroupRadioButton","","","CLASS","","Controls.htm#15"
"WindowStyle:","-- style","","METHOD","GroupRadioButton","Controls.htm#16"
"PushButton","","","CLASS","","Controls.htm#18"
"Setfont:","handle --","","METHOD","PushButton","Controls.htm#19"
"Enable:","f --","","METHOD","PushButton","Controls.htm#20"
"Disable:","--","","METHOD","PushButton","Controls.htm#21"
"DefPushButton","","","CLASS","","Controls.htm#23"
"WindowStyle:","-- style","","METHOD","DefPushButton","Controls.htm#24"
"BitmapButton","","","CLASS","","Controls.htm#26"
"ClassInit:","--","","METHOD","BitmapButton","Controls.htm#27"
"WindowStyle:","-- style","","METHOD","BitmapButton","Controls.htm#28"
"IconButton","","","CLASS","","Controls.htm#30"
"ClassInit:","--","","METHOD","IconButton","Controls.htm#31"
"WindowStyle:","-- style","","METHOD","IconButton","Controls.htm#32"
"SetIcon:","hIcon --","","METHOD","IconButton","Controls.htm#33"
"GetIcon:","-- hIcon","","METHOD","IconButton","Controls.htm#34"
"GroupBox","","","CLASS","","Controls.htm#36"
"Setfont:","handle --","","METHOD","GroupBox","Controls.htm#37"
"Enable:","f --","","METHOD","GroupBox","Controls.htm#38"
"Disable:","--","","METHOD","GroupBox","Controls.htm#39"
"Label","","","CLASS","","Controls.htm#0"
"Setfont:","handle --","","METHOD","Label","Controls.htm#1"
"StaticImage","","","|CLASS","","Controls.htm#3"
"ImageType:","-- ImageType","","METHOD","StaticImage","Controls.htm#4"
"GetImage:","-- hImage","","METHOD","StaticImage","Controls.htm#5"
"SetImage:","hImage --","","METHOD","StaticImage","Controls.htm#6"
"SetFont:","fhndl --","","METHOD","StaticImage","Controls.htm#7"
"StaticBitmap","","","CLASS","","Controls.htm#9"
"WindowStyle:","-- style","","METHOD","StaticBitmap","Controls.htm#10"
"StaticIcon","","","CLASS","","Controls.htm#12"
"WindowStyle:","-- style","","METHOD","StaticIcon","Controls.htm#13"
"ImageType:","-- ImageType","","METHOD","StaticIcon","Controls.htm#14"
"StaticMetafile","","","CLASS","","Controls.htm#16"
"WindowStyle:","-- style","","METHOD","StaticMetafile","Controls.htm#17"
"ImageType:","-- ImageType","","METHOD","StaticMetafile","Controls.htm#18"
"StaticFrame","","","CLASS","","Controls.htm#20"
"BlackRect:","--","","METHOD","StaticFrame","Controls.htm#21"
"GrayRect:","--","","METHOD","StaticFrame","Controls.htm#22"
"WhiteRect:","--","","METHOD","StaticFrame","Controls.htm#23"
"BlackFrame:","--","","METHOD","StaticFrame","Controls.htm#24"
"GrayFrame:","--","","METHOD","StaticFrame","Controls.htm#25"
"WhiteFrame:","--","","METHOD","StaticFrame","Controls.htm#26"
"EtchedFrame:","--","","METHOD","StaticFrame","Controls.htm#27"
"SunkenFrame:","--","","METHOD","StaticFrame","Controls.htm#28"
"Progressbar","","","CLASS","","Controls.htm#0"
"Start:","Parent --","","METHOD","Progressbar","Controls.htm#1"
"+Value:","n --","","METHOD","Progressbar","Controls.htm#2"
"GetValue:","-- n","","METHOD","Progressbar","Controls.htm#3"
"SetValue:","n --","","METHOD","Progressbar","Controls.htm#4"
"SetRange:","min max --","","METHOD","Progressbar","Controls.htm#5"
"SetStep:","n --","","METHOD","Progressbar","Controls.htm#6"
"GetStep:","-- n","","METHOD","Progressbar","Controls.htm#7"
"StepIt:","--","","METHOD","Progressbar","Controls.htm#8"
"SmoothProgressbar","","","CLASS","","Controls.htm#10"
"WindowStyle:","-- style","","METHOD","SmoothProgressbar","Controls.htm#11"
"Trackbar","","","CLASS","","Controls.htm#0"
"Start:","Parent --","","METHOD","Trackbar","Controls.htm#1"
"GetLineSize:","-- n","","METHOD","Trackbar","Controls.htm#2"
"SetLineSize:","n --","","METHOD","Trackbar","Controls.htm#3"
"GetPageSize:","-- n","","METHOD","Trackbar","Controls.htm#4"
"SetPageSize:","n --","","METHOD","Trackbar","Controls.htm#5"
"GetValue:","-- n","","METHOD","Trackbar","Controls.htm#6"
"SetValue:","n --","","METHOD","Trackbar","Controls.htm#7"
"GetRangeMax:","-- n","","METHOD","Trackbar","Controls.htm#8"
"SetRangeMax:","max f --","","METHOD","Trackbar","Controls.htm#9"
"GetRangeMin:","-- n","","METHOD","Trackbar","Controls.htm#10"
"SetRangeMin:","min f --","","METHOD","Trackbar","Controls.htm#11"
"GetSelEnd:","-- n","","METHOD","Trackbar","Controls.htm#12"
"SetSelEnd:","end f --","","METHOD","Trackbar","Controls.htm#13"
"GetSelStart:","-- n","","METHOD","Trackbar","Controls.htm#14"
"SetSelStart:","start f --","","METHOD","Trackbar","Controls.htm#15"
"GetThumbLength:","-- n","","METHOD","Trackbar","Controls.htm#16"
"SetThumbLength:","n --","","METHOD","Trackbar","Controls.htm#17"
"GetChannelRect:","lpRect --","","METHOD","Trackbar","Controls.htm#18"
"GetThumbRect:","lpRect --","","METHOD","Trackbar","Controls.htm#19"
"GetTick:","iTic -- n","","METHOD","Trackbar","Controls.htm#20"
"SetTick:","pos --","","METHOD","Trackbar","Controls.htm#21"
"ClearTicks:","f --","","METHOD","Trackbar","Controls.htm#22"
"GetTickPos:","iTic -- n","","METHOD","Trackbar","Controls.htm#23"
"GetTicksPtr:","-- pointer","","METHOD","Trackbar","Controls.htm#24"
"SetTickFreq:","pos freq --","","METHOD","Trackbar","Controls.htm#25"
"GetNumTicks:","-- n","","METHOD","Trackbar","Controls.htm#26"
"SetRange:","min max f --","","METHOD","Trackbar","Controls.htm#27"
"SetSel:","min max f --","","METHOD","Trackbar","Controls.htm#28"
"ClearSel:","f --","","METHOD","Trackbar","Controls.htm#29"
"Enable:","f --","","METHOD","Trackbar","Controls.htm#30"
"Disable:","--","","METHOD","Trackbar","Controls.htm#31"
"VTrackBar","","","CLASS","","Controls.htm#33"
"WindowStyle:","-- style","","METHOD","VTrackBar","Controls.htm#34"
"ScrollBar","","","|CLASS","","Controls.htm#0"
"ClassInit:","--","","METHOD","ScrollBar","Controls.htm#1"
"Start:","Parent --","","METHOD","ScrollBar","Controls.htm#2"
"SetFont:","hndl --","","METHOD","ScrollBar","Controls.htm#3"
"Enable:","f --","","METHOD","ScrollBar","Controls.htm#4"
"Disable:","--","","METHOD","ScrollBar","Controls.htm#5"
"HorizScroll","","","CLASS","","Controls.htm#6"
"WindowStyle:","-- style","","METHOD","HorizScroll","Controls.htm#7"
"VertScroll","","","CLASS","","Controls.htm#9"
"WindowStyle:","-- style","","METHOD","VertScroll","Controls.htm#10"
"SizeBox","","","CLASS","","Controls.htm#12"
"WindowStyle:","-- style","","METHOD","SizeBox","Controls.htm#13"
"MonthCalendar","","","CLASS","","Controls.htm#0"
"Start:","Parent --","","METHOD","MonthCalendar","Controls.htm#1"
"MinSize:","-- x y","","METHOD","MonthCalendar","Controls.htm#2"
"GetDate:","-- day month year","","METHOD","MonthCalendar","Controls.htm#3"
"GetToday:","-- day month year","","METHOD","MonthCalendar","Controls.htm#4"
"DateTimePicker","","","CLASS","","Controls.htm#6"
"Start:","Parent --","","METHOD","DateTimePicker","Controls.htm#7"
"SetCustomFormat:","z""format""  --","","METHOD","DateTimePicker","Controls.htm#8"
"GetTime:","-- hrs min secs","","METHOD","DateTimePicker","Controls.htm#9"
"SetTime:","hr min sec --","","METHOD","DateTimePicker","Controls.htm#10"
"GetDate:","-- day month year","","METHOD","DateTimePicker","Controls.htm#11"
"TabControl","","","CLASS","","Controls.htm#0"
"tc_Item","","","RECORD:","TabControl","Controls.htm#1"
"IsMask:","n --","","METHOD","TabControl","Controls.htm#2"
"Mask:","-- n","","METHOD","TabControl","Controls.htm#3"
"IsPszText:","addr --","","METHOD","TabControl","Controls.htm#4"
"PszText:","-- n","","METHOD","TabControl","Controls.htm#5"
"IscchTextMax:","n --","","METHOD","TabControl","Controls.htm#6"
"cchTextMax:","-- n","","METHOD","TabControl","Controls.htm#7"
"IsiImage:","n --","","METHOD","TabControl","Controls.htm#8"
"iImage:","-- n","","METHOD","TabControl","Controls.htm#9"
"IsLparam:","n --","","METHOD","TabControl","Controls.htm#10"
"LParam:","-- n","","METHOD","TabControl","Controls.htm#11"
"WindowStyle:","-- style","","METHOD","TabControl","Controls.htm#12"
"AddStyle:","n --","","METHOD","TabControl","Controls.htm#13"
"TC_Item:","-- addr","","METHOD","TabControl","Controls.htm#14"
"InsertTab:","index --","","METHOD","TabControl","Controls.htm#15"
"GetTabInfo:","index --","","METHOD","TabControl","Controls.htm#16"
"SetTabInfo:","index --","","METHOD","TabControl","Controls.htm#17"
"GetTabCount:","-- n","","METHOD","TabControl","Controls.htm#18"
"DeleteTab:","index --","","METHOD","TabControl","Controls.htm#19"
"DeleteAllTabs:","--","","METHOD","TabControl","Controls.htm#20"
"AdjustRect:","rect flag --","","METHOD","TabControl","Controls.htm#21"
"ClientSize:","-- l t r b","","METHOD","TabControl","Controls.htm#22"
"WindowSize:","l t r t -- l t r b","","METHOD","TabControl","Controls.htm#23"
"GetSelectedTab:","-- index","","METHOD","TabControl","Controls.htm#24"
"SetSelectedTab:","index --","","METHOD","TabControl","Controls.htm#25"
"GetRowCount:","-- n","","METHOD","TabControl","Controls.htm#26"
"Enable:","f --","","METHOD","TabControl","Controls.htm#27"
"Disable:","--","","METHOD","TabControl","Controls.htm#28"
"Setfont:","handle --","","METHOD","TabControl","Controls.htm#29"
"WindowTitle:","-- null$","","METHOD","TabControl","Controls.htm#30"
"Handle_Notify:","w l \ ncode tabid -- f","","METHOD","TabControl","Controls.htm#31"
"On_SelChanged:","l -- f","","METHOD","TabControl","Controls.htm#32"
"On_SelChanging:","l -- f","","METHOD","TabControl","Controls.htm#33"
"IsChangeFunc:","cfa --","","METHOD","TabControl","Controls.htm#34"
"IsChangingFunc:","cfa --","","METHOD","TabControl","Controls.htm#35"
"default-func","lParam obj -- false","","COLON","TabControl","Controls.htm#36"
"ClassInit:","--","","METHOD","TabControl","Controls.htm#37"
"Start:","Parent --","","METHOD","TabControl","Controls.htm#38"
"MultiLineTabControl","","","CLASS","","Controls.htm#40"
"VertButtonBar","","","CLASS","","Controls.htm#0"
"SetFont:","fonthndl \ hb1 --","","METHOD","VertButtonBar","Controls.htm#1"
"Enable:","flag \ hb1 --","","METHOD","VertButtonBar","Controls.htm#2"
"Disable:","--","","METHOD","VertButtonBar","Controls.htm#3"
"HorizButtonBar","","","CLASS","","Controls.htm#5"
"SetFont:","fonthndl \ hb1 --","","METHOD","HorizButtonBar","Controls.htm#6"
"Enable:","flag \ hb1 --","","METHOD","HorizButtonBar","Controls.htm#7"
"Disable:","--","","METHOD","HorizButtonBar","Controls.htm#8"
"MdiDialogWindow","","","CLASS","","MdiDialog.htm#0"
"ClassInit:","--","","METHOD","MdiDialogWindow","MdiDialog.htm#1"
"~:","--","","METHOD","MdiDialogWindow","MdiDialog.htm#2"
"AXControl","","","CLASS","","AXControl.htm#0"
"AXUCreate:","ustr --","","METHOD","AXControl","AXControl.htm#1"
"AXCreate:","str len --","","METHOD","AXControl","AXControl.htm#2"
"QueryInterface:","ppv riid -- flag","","METHOD","AXControl","AXControl.htm#3"
"HTMLControl","","","CLASS","","HTMLcontrol.htm#0"
"Start:","Parent --","","METHOD","HTMLControl","HTMLcontrol.htm#1"
"GetLocationURL:","-- str len","","METHOD","HTMLControl","HTMLcontrol.htm#2"
"GetLocationName:","-- str len","","METHOD","HTMLControl","HTMLcontrol.htm#3"
"GetType:","-- str len","","METHOD","HTMLControl","HTMLcontrol.htm#4"
"Busy?:","-- flag","","METHOD","HTMLControl","HTMLcontrol.htm#5"
"Offline?:","-- flag","","METHOD","HTMLControl","HTMLcontrol.htm#6"
"GoURL:","str len --","","METHOD","HTMLControl","HTMLcontrol.htm#7"
"SetURL:","zUrl --","","METHOD","HTMLControl","HTMLcontrol.htm#8"
"GoHome:","--","","METHOD","HTMLControl","HTMLcontrol.htm#9"
"GoSearch:","--","","METHOD","HTMLControl","HTMLcontrol.htm#10"
"GoForward:","--","","METHOD","HTMLControl","HTMLcontrol.htm#11"
"GoBack:","--","","METHOD","HTMLControl","HTMLcontrol.htm#12"
"Refresh:","--","","METHOD","HTMLControl","HTMLcontrol.htm#13"
"Stop:","--","","METHOD","HTMLControl","HTMLcontrol.htm#14"
"MDIClientWindow","","","CLASS","","mdi.htm#0"
"Start:","hWindowMenu Parent --","","METHOD","MDIClientWindow","mdi.htm#1"
"CreateStruct:","-- CreateStrucPointer","","METHOD","MDIClientWindow","mdi.htm#2"
"MDIFrameWindow","","","CLASS","","mdi.htm#4"
"WindowMenuNo:","-- n","","METHOD","MDIFrameWindow","mdi.htm#5"
"WindowTitle:","-- z""","","METHOD","MDIFrameWindow","mdi.htm#6"
"SetRedraw:","f --","","METHOD","MDIFrameWindow","mdi.htm#7"
"Tile:","f --","","METHOD","MDIFrameWindow","mdi.htm#8"
"Arrange:","--","","METHOD","MDIFrameWindow","mdi.htm#9"
"Cascade:","--","","METHOD","MDIFrameWindow","mdi.htm#10"
"RefreshMenu:","--","","METHOD","MDIFrameWindow","mdi.htm#11"
"MDISetMenu:","hmenuWindow hmenuFrame --","","METHOD","MDIFrameWindow","mdi.htm#12"
"DrawMenuBar:","--","","METHOD","MDIFrameWindow","mdi.htm#13"
"Restore:","hWnd --","","METHOD","MDIFrameWindow","mdi.htm#14"
"Maximize:","hWnd --","","METHOD","MDIFrameWindow","mdi.htm#15"
"GetActive:","-- Maximized handle","","METHOD","MDIFrameWindow","mdi.htm#16"
"Activate:","hWnd --","","METHOD","MDIFrameWindow","mdi.htm#17"
"Next:","f hWnd --","","METHOD","MDIFrameWindow","mdi.htm#18"
"Destroy:","hWnd --","","METHOD","MDIFrameWindow","mdi.htm#19"
"CloseChild:","hWnd --","","METHOD","MDIFrameWindow","mdi.htm#20"
"EnumChildWindows:","lparam pCallBack -- f","","METHOD","MDIFrameWindow","mdi.htm#21"
"CloseAll:","--","","METHOD","MDIFrameWindow","mdi.htm#22"
"GetFirstChild:","-- hWndChild","","METHOD","MDIFrameWindow","mdi.htm#23"
"GetNextChild:","-- hWndChild","","METHOD","MDIFrameWindow","mdi.htm#24"
"SendMessageToAllChildren:","wParam lParam msg --","","METHOD","MDIFrameWindow","mdi.htm#25"
"PostMessageToAllChildren:","wParam lParam msg --","","METHOD","MDIFrameWindow","mdi.htm#26"
"MDIChildWindow","","","CLASS","","mdi.htm#28"
"DefaultIcon:","-- hIcon","","METHOD","MDIChildWindow","mdi.htm#29"
"ParentWindow:","-- hParent","","METHOD","MDIChildWindow","mdi.htm#30"
"Start:","Parent --","","METHOD","MDIChildWindow","mdi.htm#31"
"WindowTitle:","-- z""","","METHOD","MDIChildWindow","mdi.htm#32"
"On_QueryEnd:","-- f","","METHOD","MDIChildWindow","mdi.htm#33"
"On_Close:","-- f","","METHOD","MDIChildWindow","mdi.htm#34"
"On_ChildActivate:","--","","METHOD","MDIChildWindow","mdi.htm#35"
"On_GetMinMaxInfo:","pMinMaxInfo -- pMinMaxInfo","","METHOD","MDIChildWindow","mdi.htm#36"
"On_MenuChar:","w l -- w l","","METHOD","MDIChildWindow","mdi.htm#37"
"On_Move:","l -- l","","METHOD","MDIChildWindow","mdi.htm#38"
"On_SysCommand:","h m w l -- h m w l f","","METHOD","MDIChildWindow","mdi.htm#39"
"On_Command:","h m w l -- h m w l f","","METHOD","MDIChildWindow","mdi.htm#40"
"gdiPOINT","","","CLASS","","gdiStruct.htm#0"
"GetX:","-- x","","METHOD","gdiPOINT","gdiStruct.htm#1"
"GetY:","-- y","","METHOD","gdiPOINT","gdiStruct.htm#2"
"SetX:","x --","","METHOD","gdiPOINT","gdiStruct.htm#3"
"SetY:","y --","","METHOD","gdiPOINT","gdiStruct.htm#4"
"Addr:","-- addr","","METHOD","gdiPOINT","gdiStruct.htm#5"
"Size:","-- size","","METHOD","gdiPOINT","gdiStruct.htm#6"
"gdiCOLORREF","","","CLASS","","gdiStruct.htm#8"
"SetRValue:","r --","","METHOD","gdiCOLORREF","gdiStruct.htm#9"
"SetGValue:","g --","","METHOD","gdiCOLORREF","gdiStruct.htm#10"
"SetBValue:","b --","","METHOD","gdiCOLORREF","gdiStruct.htm#11"
"GetRValue:","-- r","","METHOD","gdiCOLORREF","gdiStruct.htm#12"
"GetGValue:","-- g","","METHOD","gdiCOLORREF","gdiStruct.htm#13"
"GetBValue:","-- b","","METHOD","gdiCOLORREF","gdiStruct.htm#14"
"SetColor:","colorref --","","METHOD","gdiCOLORREF","gdiStruct.htm#15"
"SetSysColor:","n --","","METHOD","gdiCOLORREF","gdiStruct.htm#16"
"GetColor:","-- colorref","","METHOD","gdiCOLORREF","gdiStruct.htm#17"
"SetRGB:","r g b --","","METHOD","gdiCOLORREF","gdiStruct.htm#18"
"Addr:","-- addr","","METHOD","gdiCOLORREF","gdiStruct.htm#19"
"Size:","-- size","","METHOD","gdiCOLORREF","gdiStruct.htm#20"
"Choose:","hWnd -- f","","METHOD","gdiCOLORREF","gdiStruct.htm#21"
"CustomColors:","-- addr len","","METHOD","gdiCOLORREF","gdiStruct.htm#22"
"gdiRGBQUAD","","","SYNONYM","","gdiStruct.htm#24"
"gdiSIZE","","","CLASS","","gdiStruct.htm#26"
"GetX:","-- x","","METHOD","gdiSIZE","gdiStruct.htm#27"
"GetY:","-- y","","METHOD","gdiSIZE","gdiStruct.htm#28"
"SetX:","x --","","METHOD","gdiSIZE","gdiStruct.htm#29"
"SetY:","y --","","METHOD","gdiSIZE","gdiStruct.htm#30"
"Addr:","-- addr","","METHOD","gdiSIZE","gdiStruct.htm#31"
"Size:","-- size","","METHOD","gdiSIZE","gdiStruct.htm#32"
"gdiTEXTMETRIC","","","CLASS","","gdiStruct.htm#34"
"SetHeight:","n --","","METHOD","gdiTEXTMETRIC","gdiStruct.htm#35"
"SetAscent:","n --","","METHOD","gdiTEXTMETRIC","gdiStruct.htm#36"
"SetDescent:","n --","","METHOD","gdiTEXTMETRIC","gdiStruct.htm#37"
"SetInternalLeading:","n --","","METHOD","gdiTEXTMETRIC","gdiStruct.htm#38"
"SetExternalLeading:","n --","","METHOD","gdiTEXTMETRIC","gdiStruct.htm#39"
"SetAveCharWidth:","n --","","METHOD","gdiTEXTMETRIC","gdiStruct.htm#40"
"SetMaxCharWidth:","n --","","METHOD","gdiTEXTMETRIC","gdiStruct.htm#41"
"SetWeight:","n --","","METHOD","gdiTEXTMETRIC","gdiStruct.htm#42"
"SetOverhang:","n --","","METHOD","gdiTEXTMETRIC","gdiStruct.htm#43"
"SetDigitizedAspectX:","n --","","METHOD","gdiTEXTMETRIC","gdiStruct.htm#44"
"SetDigitizedAspectY:","n --","","METHOD","gdiTEXTMETRIC","gdiStruct.htm#45"
"SetFirstChar:","n --","","METHOD","gdiTEXTMETRIC","gdiStruct.htm#46"
"SetLastChar:","n --","","METHOD","gdiTEXTMETRIC","gdiStruct.htm#47"
"SetDefaultChar:","n --","","METHOD","gdiTEXTMETRIC","gdiStruct.htm#48"
"SetBreakChar:","n --","","METHOD","gdiTEXTMETRIC","gdiStruct.htm#49"
"SetItalic:","n --","","METHOD","gdiTEXTMETRIC","gdiStruct.htm#50"
"SetUnderlined:","n --","","METHOD","gdiTEXTMETRIC","gdiStruct.htm#51"
"SetStruckOut:","n --","","METHOD","gdiTEXTMETRIC","gdiStruct.htm#52"
"SetPitchAndFamily:","n --","","METHOD","gdiTEXTMETRIC","gdiStruct.htm#53"
"SetCharSet:","n --","","METHOD","gdiTEXTMETRIC","gdiStruct.htm#54"
"GetHeight:","-- n","","METHOD","gdiTEXTMETRIC","gdiStruct.htm#55"
"GetAscent:","-- n","","METHOD","gdiTEXTMETRIC","gdiStruct.htm#56"
"GetDescent:","-- n","","METHOD","gdiTEXTMETRIC","gdiStruct.htm#57"
"GetInternalLeading:","-- n","","METHOD","gdiTEXTMETRIC","gdiStruct.htm#58"
"GetExternalLeading:","-- n","","METHOD","gdiTEXTMETRIC","gdiStruct.htm#59"
"GetAveCharWidth:","-- n","","METHOD","gdiTEXTMETRIC","gdiStruct.htm#60"
"GetMaxCharWidth:","-- n","","METHOD","gdiTEXTMETRIC","gdiStruct.htm#61"
"GetWeight:","-- n","","METHOD","gdiTEXTMETRIC","gdiStruct.htm#62"
"GetOverhang:","-- n","","METHOD","gdiTEXTMETRIC","gdiStruct.htm#63"
"GetDigitizedAspectX:","-- n","","METHOD","gdiTEXTMETRIC","gdiStruct.htm#64"
"GetDigitizedAspectY:","-- n","","METHOD","gdiTEXTMETRIC","gdiStruct.htm#65"
"GetFirstChar:","-- n","","METHOD","gdiTEXTMETRIC","gdiStruct.htm#66"
"GetLastChar:","-- n","","METHOD","gdiTEXTMETRIC","gdiStruct.htm#67"
"GetDefaultChar:","-- n","","METHOD","gdiTEXTMETRIC","gdiStruct.htm#68"
"GetBreakChar:","-- n","","METHOD","gdiTEXTMETRIC","gdiStruct.htm#69"
"GetItalic:","-- n","","METHOD","gdiTEXTMETRIC","gdiStruct.htm#70"
"GetUnderlined:","-- n","","METHOD","gdiTEXTMETRIC","gdiStruct.htm#71"
"GetStruckOut:","-- n","","METHOD","gdiTEXTMETRIC","gdiStruct.htm#72"
"GetPitchAndFamily:","-- n","","METHOD","gdiTEXTMETRIC","gdiStruct.htm#73"
"GetCharSet:","-- n","","METHOD","gdiTEXTMETRIC","gdiStruct.htm#74"
"Addr:","-- addr","","METHOD","gdiTEXTMETRIC","gdiStruct.htm#75"
"Size:","-- size","","METHOD","gdiTEXTMETRIC","gdiStruct.htm#76"
"gdiObject","","","CLASS","","gdiBase.htm#0"
"ZeroHandle:","--","","METHOD","gdiObject","gdiBase.htm#1"
"GetType:","-- n","","METHOD","gdiObject","gdiBase.htm#2"
"GetObject:","cbBuffer lpvObject -- n","","METHOD","gdiObject","gdiBase.htm#3"
"Destroy:","--","","METHOD","gdiObject","gdiBase.htm#4"
"GetHandle:","-- hObject","","METHOD","gdiObject","gdiBase.htm#5"
"SetHandle:","hObject --","","METHOD","gdiObject","gdiBase.htm#6"
"Valid?:","-- f","","METHOD","gdiObject","gdiBase.htm#7"
"?IsGdiObject","a1 -- f","w32f","COLON","","gdiBase.htm#9"
"GetGdiObjectHandle","GdiObject -- handle","w32f","COLON","","gdiBase.htm#10"
".gdi-objects","--","w32f sys","COLON","","gdiBase.htm#11"
"(?GdiCheck)","a1 -- a1","w32f sys internal","COLON","","gdiBase.htm#12"
"?GdiCheck","a1 -- a1","w32f","COLON","","gdiBase.htm#13"
"gdiPen","","","CLASS","","gdiPen.htm#0"
"ClassInit:","--","","METHOD","gdiPen","gdiPen.htm#1"
"SetStyle:","style --","","METHOD","gdiPen","gdiPen.htm#2"
"SetWidth:","width --","","METHOD","gdiPen","gdiPen.htm#3"
"SetRValue:","r --","","METHOD","gdiPen","gdiPen.htm#4"
"SetGValue:","g --","","METHOD","gdiPen","gdiPen.htm#5"
"SetBValue:","b --","","METHOD","gdiPen","gdiPen.htm#6"
"SetRGB:","r g b --","","METHOD","gdiPen","gdiPen.htm#7"
"SetColor:","colorref --","","METHOD","gdiPen","gdiPen.htm#8"
"SetSysColor:","n --","","METHOD","gdiPen","gdiPen.htm#9"
"ChooseColor:","hWnd -- f","","METHOD","gdiPen","gdiPen.htm#10"
"GetStyle:","-- style","","METHOD","gdiPen","gdiPen.htm#11"
"GetWidth:","-- width","","METHOD","gdiPen","gdiPen.htm#12"
"GetRValue:","-- r","","METHOD","gdiPen","gdiPen.htm#13"
"GetGValue:","-- g","","METHOD","gdiPen","gdiPen.htm#14"
"GetBValue:","-- b","","METHOD","gdiPen","gdiPen.htm#15"
"GetColor:","-- colorref","","METHOD","gdiPen","gdiPen.htm#16"
"Create:","-- f","","METHOD","gdiPen","gdiPen.htm#17"
"CreateIndirect:","pLogpen -- f","","METHOD","gdiPen","gdiPen.htm#18"
"gdiGeometricPen","","","CLASS","","gdiPen.htm#20"
"ClassInit:","--","","METHOD","gdiGeometricPen","gdiPen.htm#21"
"gdiBrush","","","CLASS","","gdiBrush.htm#0"
"SetOrigin:","xOrg yOrg hdc --","","METHOD","gdiBrush","gdiBrush.htm#1"
"GetOrigin:","hdc -- xOrg yOrg","","METHOD","gdiBrush","gdiBrush.htm#2"
"Create:","lplb -- f","","METHOD","gdiBrush","gdiBrush.htm#3"
"gdiSolidBrush","","","CLASS","","gdiBrush.htm#5"
"SetRValue:","r --","","METHOD","gdiSolidBrush","gdiBrush.htm#6"
"SetGValue:","g --","","METHOD","gdiSolidBrush","gdiBrush.htm#7"
"SetBValue:","b --","","METHOD","gdiSolidBrush","gdiBrush.htm#8"
"SetRGB:","r g b --","","METHOD","gdiSolidBrush","gdiBrush.htm#9"
"SetColor:","colorref --","","METHOD","gdiSolidBrush","gdiBrush.htm#10"
"SetSysColor:","n --","","METHOD","gdiSolidBrush","gdiBrush.htm#11"
"ChooseColor:","hWnd -- f","","METHOD","gdiSolidBrush","gdiBrush.htm#12"
"GetRValue:","-- r","","METHOD","gdiSolidBrush","gdiBrush.htm#13"
"GetGValue:","-- g","","METHOD","gdiSolidBrush","gdiBrush.htm#14"
"GetBValue:","-- b","","METHOD","gdiSolidBrush","gdiBrush.htm#15"
"GetColor:","-- colorref","","METHOD","gdiSolidBrush","gdiBrush.htm#16"
"Create:","-- f","","METHOD","gdiSolidBrush","gdiBrush.htm#17"
"gdiHatchBrush","","","CLASS","","gdiBrush.htm#19"
"SetStyle:","style --","","METHOD","gdiHatchBrush","gdiBrush.htm#20"
"GetStyle:","-- style","","METHOD","gdiHatchBrush","gdiBrush.htm#21"
"Create:","-- f","","METHOD","gdiHatchBrush","gdiBrush.htm#22"
"gdiPatternBrush","","","CLASS","","gdiBrush.htm#24"
"SetBitmap:","Bitmap --","","METHOD","gdiPatternBrush","gdiBrush.htm#25"
"GetBitmap:","-- Bitmap","","METHOD","gdiPatternBrush","gdiBrush.htm#26"
"Create:","-- f","","METHOD","gdiPatternBrush","gdiBrush.htm#27"
"gdiDIBPatternBrush","","","CLASS","","gdiBrush.htm#29"
"Create:","lpPackedDIB iUsage -- f","","METHOD","gdiDIBPatternBrush","gdiBrush.htm#30"
"gdiBitmap","","","CLASS","","gdiBitmap.htm#0"
"CreateBitmap:","Width Height Planes BitsPerPel pBits -- f","","METHOD","gdiBitmap","gdiBitmap.htm#1"
"CreateBitmapIndirect:","pBitmap -- f","","METHOD","gdiBitmap","gdiBitmap.htm#2"
"CreateCompatibleBitmap:","Width Height hDC -- f","","METHOD","gdiBitmap","gdiBitmap.htm#3"
"CreateDIBitmap:","pbmih fdwInit pbInit pbmi fuUsage hdc -- f","","METHOD","gdiBitmap","gdiBitmap.htm#4"
"CreateDIBSection:","pbmi iUsage ppvBits hSection dwOffset hdc -- f","","METHOD","gdiBitmap","gdiBitmap.htm#5"
"SetBitmapDimension:","width height -- oldwidth oldheight","","METHOD","gdiBitmap","gdiBitmap.htm#6"
"GetBitmapDimension:","-- width height","","METHOD","gdiBitmap","gdiBitmap.htm#7"
"SetDIBits:","","","METHOD","gdiBitmap","gdiBitmap.htm#8"
"GetDIBits:","","","METHOD","gdiBitmap","gdiBitmap.htm#9"
"LoadBitmap:","","","METHOD","gdiBitmap","gdiBitmap.htm#10"
"MaskBlt:","","","METHOD","gdiBitmap","gdiBitmap.htm#11"
"PlgBlt:","","","METHOD","gdiBitmap","gdiBitmap.htm#12"
"gdiFont","","","CLASS","","gdiFont.htm#0"
"SetHeight:","n1 --","","METHOD","gdiFont","gdiFont.htm#1"
"SetWidth:","n1 --","","METHOD","gdiFont","gdiFont.htm#2"
"SetEscapement:","n1 --","","METHOD","gdiFont","gdiFont.htm#3"
"SetOrientation:","n1 --","","METHOD","gdiFont","gdiFont.htm#4"
"SetWeight:","n1 --","","METHOD","gdiFont","gdiFont.htm#5"
"SetItalic:","f1 --","","METHOD","gdiFont","gdiFont.htm#6"
"SetUnderline:","f1 --","","METHOD","gdiFont","gdiFont.htm#7"
"SetStrikeOut:","f1 --","","METHOD","gdiFont","gdiFont.htm#8"
"SetCharSet:","n1 --","","METHOD","gdiFont","gdiFont.htm#9"
"SetOutPrecision:","n1 --","","METHOD","gdiFont","gdiFont.htm#10"
"SetClipPrecision:","n1 --","","METHOD","gdiFont","gdiFont.htm#11"
"SetQuality:","n1 --","","METHOD","gdiFont","gdiFont.htm#12"
"SetPitchAndFamily:","n1 --","","METHOD","gdiFont","gdiFont.htm#13"
"SetFaceName:","a1 n1 --","","METHOD","gdiFont","gdiFont.htm#14"
"GetHeight:","-- n1","","METHOD","gdiFont","gdiFont.htm#15"
"GetWidth:","-- n1","","METHOD","gdiFont","gdiFont.htm#16"
"GetEscapement:","-- n1","","METHOD","gdiFont","gdiFont.htm#17"
"GetOrientation:","-- n1","","METHOD","gdiFont","gdiFont.htm#18"
"GetWeight:","-- n1","","METHOD","gdiFont","gdiFont.htm#19"
"GetItalic:","-- f1","","METHOD","gdiFont","gdiFont.htm#20"
"GetUnderline:","-- f1","","METHOD","gdiFont","gdiFont.htm#21"
"GetStrikeOut:","-- f1","","METHOD","gdiFont","gdiFont.htm#22"
"GetCharSet:","-- n1","","METHOD","gdiFont","gdiFont.htm#23"
"GetOutPrecision:","-- n1","","METHOD","gdiFont","gdiFont.htm#24"
"GetClipPrecision:","-- n1","","METHOD","gdiFont","gdiFont.htm#25"
"GetQuality:","-- n1","","METHOD","gdiFont","gdiFont.htm#26"
"GetPitchAndFamily:","-- n1","","METHOD","gdiFont","gdiFont.htm#27"
"GetFaceName:","-- a1 n1","","METHOD","gdiFont","gdiFont.htm#28"
"GetLogfont:","-- n1","","METHOD","gdiFont","gdiFont.htm#29"
"Create:","-- f","","METHOD","gdiFont","gdiFont.htm#30"
"Choose:","hWnd -- f","","METHOD","gdiFont","gdiFont.htm#31"
"ChoosePrinter:","hWnd hDC -- f","","METHOD","gdiFont","gdiFont.htm#32"
"gdiMetafile","","","CLASS","","gdiMetafile.htm#0"
"Destroy:","--","","METHOD","gdiMetafile","gdiMetafile.htm#1"
"SetHandle:","hMF --","","METHOD","gdiMetafile","gdiMetafile.htm#2"
"Copy:","-- hCopy","","METHOD","gdiMetafile","gdiMetafile.htm#3"
"Load:","addr len -- f","","METHOD","gdiMetafile","gdiMetafile.htm#4"
"Save:","addr len -- f","","METHOD","gdiMetafile","gdiMetafile.htm#5"
"PlayInRect:","left top right bottom hDestDC --","","METHOD","gdiMetafile","gdiMetafile.htm#6"
"CopyToClipboard:","--","","METHOD","gdiMetafile","gdiMetafile.htm#7"
"GetFromClipboard:","--","","METHOD","gdiMetafile","gdiMetafile.htm#8"
"GetFileHeader:","pemh size -- n","","METHOD","gdiMetafile","gdiMetafile.htm#9"
"GetPaletteEntries:","cEntries lppe -- n","","METHOD","gdiMetafile","gdiMetafile.htm#10"
"gdiDC","","","CLASS","","gdiDC.htm#0"
"SelectObject:","hGdiObject -- hOldObject","","METHOD","gdiDC","gdiDC.htm#1"
"GetCurrentObject:","ObjectType -- hObject","","METHOD","gdiDC","gdiDC.htm#2"
"GetStockObject:","nObject -- hObject","","METHOD","gdiDC","gdiDC.htm#3"
"SelectStockObject:","nObject -- hOldObject","","METHOD","gdiDC","gdiDC.htm#4"
"SetPenColor:","colorref -- previous-colorref","","METHOD","gdiDC","gdiDC.htm#5"
"GetPenColor:","-- colorref","","METHOD","gdiDC","gdiDC.htm#6"
"SetBrushColor:","colorref -- previous-colorref","","METHOD","gdiDC","gdiDC.htm#7"
"GetBrushColor:","-- colorref","","METHOD","gdiDC","gdiDC.htm#8"
"Save:","-- SavedState","","METHOD","gdiDC","gdiDC.htm#9"
"Restore:","SavedState --","","METHOD","gdiDC","gdiDC.htm#10"
"Cancel:","--","","METHOD","gdiDC","gdiDC.htm#11"
"GetDeviceCaps:","Index -- n","","METHOD","gdiDC","gdiDC.htm#12"
"SetBackgroundMode:","fMode -- fPreviousMode","","METHOD","gdiDC","gdiDC.htm#13"
"GetBackgroundMode:","-- fMode","","METHOD","gdiDC","gdiDC.htm#14"
"SetBackgroundColor:","colorref -- PreviousColorref","","METHOD","gdiDC","gdiDC.htm#15"
"GetBackgroundColor:","-- colorref","","METHOD","gdiDC","gdiDC.htm#16"
"SetROP:","nDrawMode -- nPreviousDrawMode","","METHOD","gdiDC","gdiDC.htm#17"
"GetROP:","-- nDrawMode","","METHOD","gdiDC","gdiDC.htm#18"
"SetArcDirection:","Direction -- OldDirection","","METHOD","gdiDC","gdiDC.htm#19"
"GetArcDirection:","-- Direction","","METHOD","gdiDC","gdiDC.htm#20"
"DPtoLP:","lpPoints nCount --","","METHOD","gdiDC","gdiDC.htm#21"
"LPtoDP:","lpPoints nCount --","","METHOD","gdiDC","gdiDC.htm#22"
"SetGraphicsMode:","Mode -- PreviousMode","","METHOD","gdiDC","gdiDC.htm#23"
"GetGraphicsMode:","-- mode","","METHOD","gdiDC","gdiDC.htm#24"
"SetMapMode:","MapMode -- PerviousMapMode","","METHOD","gdiDC","gdiDC.htm#25"
"GetMapMode:","-- MapMode","","METHOD","gdiDC","gdiDC.htm#26"
"SetWindowOrg:","x y -- x1 y1","","METHOD","gdiDC","gdiDC.htm#27"
"GetWindowOrg:","-- x y","","METHOD","gdiDC","gdiDC.htm#28"
"SetViewportOrg:","x y - x1 y1","","METHOD","gdiDC","gdiDC.htm#29"
"GetViewportOrg:","-- x y","","METHOD","gdiDC","gdiDC.htm#30"
"OffsetViewportOrg:","xOffest yOffset - xOffset1 yOffset1","","METHOD","gdiDC","gdiDC.htm#31"
"OffsetWindowOrg:","xOffest yOffset - xOffset1 yOffset1","","METHOD","gdiDC","gdiDC.htm#32"
"ScaleViewportExt:","Xnum Xdenom Ynum Ydenom -- x y","","METHOD","gdiDC","gdiDC.htm#33"
"ScaleWindowExtEx:","Xnum Xdenom Ynum Ydenom -- x y","","METHOD","gdiDC","gdiDC.htm#34"
"SetViewportExt:","XExtent yExtent -- XExtent1 yExtent1","","METHOD","gdiDC","gdiDC.htm#35"
"GetViewportExt:","-- x y","","METHOD","gdiDC","gdiDC.htm#36"
"SetWindowExt:","XExtent YExtent -- XExtent1 YExtent1","","METHOD","gdiDC","gdiDC.htm#37"
"InvertRect:","left top right bottom  --","","METHOD","gdiDC","gdiDC.htm#38"
"Chord:","nLeftRect nTopRect nRightRect nBottomRect nXRadial1 nXRadial1 nYRadial1 nXRadial2 nYRadial2 --","","METHOD","gdiDC","gdiDC.htm#39"
"Ellipse:","nLeftRect nTopRect nRightRect nBottomRect --","","METHOD","gdiDC","gdiDC.htm#40"
"Pie:","nLeftRect nTopRect nRightRect nBottomRect nXRadial1 nYRadial1 nXRadial2 nYRadial2 --","","METHOD","gdiDC","gdiDC.htm#41"
"Rectangle:","nLeftRect nTopRect nRightRect nBottomRect --","","METHOD","gdiDC","gdiDC.htm#42"
"RoundRect:","nLeftRect nTopRect nRightRect nBottomRect nWidth nHeight --","","METHOD","gdiDC","gdiDC.htm#43"
"SetPolyFillMode:","iPolyFillMode --","","METHOD","gdiDC","gdiDC.htm#44"
"GetPolyFillMode:","-- iPolyFillMode","","METHOD","gdiDC","gdiDC.htm#45"
"Polygon:","lpPoints nCount --","","METHOD","gdiDC","gdiDC.htm#46"
"PolyPolygon:","lpPoints lpPolyCounts nCount --","","METHOD","gdiDC","gdiDC.htm#47"
"FillRect:","left top right bottom hBrush --","","METHOD","gdiDC","gdiDC.htm#48"
"FrameRect:","left top right bottom hBrush --","","METHOD","gdiDC","gdiDC.htm#49"
"SetTextAlign:","fMode -- fPreviousMode","","METHOD","gdiDC","gdiDC.htm#50"
"GetTextAlign:","-- fMode","","METHOD","gdiDC","gdiDC.htm#51"
"SetTextColor:","colorref -- PreviousColorref","","METHOD","gdiDC","gdiDC.htm#52"
"GetTextColor:","-- colorref","","METHOD","gdiDC","gdiDC.htm#53"
"SetTextCharacterExtra:","CharExtra -- OldCharExtra","","METHOD","gdiDC","gdiDC.htm#54"
"GetTextCharacterExtra:","-- CharExtra","","METHOD","gdiDC","gdiDC.htm#55"
"GetTextExtent:","addr len -- width height","","METHOD","gdiDC","gdiDC.htm#56"
"GetTextMetrics:","-- addr len","","METHOD","gdiDC","gdiDC.htm#57"
"TextOut:","x y addr len --","","METHOD","gdiDC","gdiDC.htm#58"
"DrawText:","addr len rect format --","","METHOD","gdiDC","gdiDC.htm#59"
"SetTabs:","a1 n1 --","","METHOD","gdiDC","gdiDC.htm#60"
"SetTabSize:","n1 -- n2","","METHOD","gdiDC","gdiDC.htm#61"
"GetTabSize:","-- n1","","METHOD","gdiDC","gdiDC.htm#62"
"TabbedTextOut:","x y addr len -- width height","","METHOD","gdiDC","gdiDC.htm#63"
"Arc:","nLeftRect nTopRect nRightRect nBottomRect nXStartArc nYStartArc nXEndArc nYEndArc --","","METHOD","gdiDC","gdiDC.htm#64"
"ArcTo:","nLeftRect nTopRect nRightRect nBottomRect nXRadial1 nYRadial1 nXRadial2 nYRadial2 --","","METHOD","gdiDC","gdiDC.htm#65"
"LineTo:","nXEnd nYEnd --","","METHOD","gdiDC","gdiDC.htm#66"
"MoveTo:","x y -- x1 x2","","METHOD","gdiDC","gdiDC.htm#67"
"GetCurrentPosition:","-- x y","","METHOD","gdiDC","gdiDC.htm#68"
"PolyBezier:","pPoints cPoints --","","METHOD","gdiDC","gdiDC.htm#69"
"PolyBezierTo:","pPoints cPoints --","","METHOD","gdiDC","gdiDC.htm#70"
"Polyline:","pPoints cPoints --","","METHOD","gdiDC","gdiDC.htm#71"
"PolylineTo:","pPoints cPoints --","","METHOD","gdiDC","gdiDC.htm#72"
"CreateCompatibleDC:","-- hDC","","METHOD","gdiDC","gdiDC.htm#73"
"CreateCompatibleBitmap:","width height -- hBitmap","","METHOD","gdiDC","gdiDC.htm#74"
"BitBlt:","nXDest nYDest nWidth nHeight hdcSrc nXSrc nYSrc dwRop --","","METHOD","gdiDC","gdiDC.htm#75"
"SetDIBColorTable:","uStartIndex cEntries pColors --","","METHOD","gdiDC","gdiDC.htm#76"
"GetDIBColorTable:","uStartIndex cEntries pColors --","","METHOD","gdiDC","gdiDC.htm#77"
"ExtFloodFill:","nXStart nYStart crColor fuFillType --","","METHOD","gdiDC","gdiDC.htm#78"
"BeginPath:","--","","METHOD","gdiDC","gdiDC.htm#79"
"EndPath:","--","","METHOD","gdiDC","gdiDC.htm#80"
"AbortPath:","--","","METHOD","gdiDC","gdiDC.htm#81"
"CloseFigure:","--","","METHOD","gdiDC","gdiDC.htm#82"
"FillPath:","--","","METHOD","gdiDC","gdiDC.htm#83"
"FlattenPath:","--","","METHOD","gdiDC","gdiDC.htm#84"
"GetPath:","lpPoints lpTypes nSize -- n","","METHOD","gdiDC","gdiDC.htm#85"
"PathToRegion:","--","","METHOD","gdiDC","gdiDC.htm#86"
"StrokePath:","--","","METHOD","gdiDC","gdiDC.htm#87"
"StrokeAndFillPath:","--","","METHOD","gdiDC","gdiDC.htm#88"
"WidenPath:","--","","METHOD","gdiDC","gdiDC.htm#89"
"gdiWindowDC","","","CLASS","","gdiWindowDc.htm#0"
"Release:","--","","METHOD","gdiWindowDC","gdiWindowDc.htm#1"
"GetDC:","hWnd -- f","","METHOD","gdiWindowDC","gdiWindowDc.htm#2"
"GetDCEx:","hrgnClip flags hWnd -- f","","METHOD","gdiWindowDC","gdiWindowDc.htm#3"
"GetWindowDC:","hWnd -- f","","METHOD","gdiWindowDC","gdiWindowDc.htm#4"
"GetDCOrg:","-- x y","","METHOD","gdiWindowDC","gdiWindowDc.htm#5"
"gdiMetafileDC","","","CLASS","","gdiMetafileDC.htm#0"
"SetRect:","left top right bottom --","","METHOD","gdiMetafileDC","gdiMetafileDC.htm#1"
"CalcMetaRect:","left top right bottom hDC \ iWidthMM iHeightMM iWidthPels iHeightPels --","","METHOD","gdiMetafileDC","gdiMetafileDC.htm#2"
"StartRecording:","hRefDC -- f","","METHOD","gdiMetafileDC","gdiMetafileDC.htm#3"
"StopRecording:","-- f","","METHOD","gdiMetafileDC","gdiMetafileDC.htm#4"
"Load:","addr len -- f","","METHOD","gdiMetafileDC","gdiMetafileDC.htm#5"
"Save:","addr len -- f","","METHOD","gdiMetafileDC","gdiMetafileDC.htm#6"
"Destroy:","--","","METHOD","gdiMetafileDC","gdiMetafileDC.htm#7"
"Draw:","left top right bottom hDestDC --","","METHOD","gdiMetafileDC","gdiMetafileDC.htm#8"
"GetMetafile:","-- MetafileObject","","METHOD","gdiMetafileDC","gdiMetafileDC.htm#9"
"File","","","CLASS","","File.htm#0"
"Close:","--","","METHOD","File","File.htm#1"
"Open:","-- f","","METHOD","File","File.htm#2"
"Read:","addr cnt -- f","","METHOD","File","File.htm#3"
"Write:","addr cnt -- f","","METHOD","File","File.htm#4"
"Create:","-- f","","METHOD","File","File.htm#5"
"Delete:","--","","METHOD","File","File.htm#6"
"Rename:","addr cnt --","","METHOD","File","File.htm#7"
"GetPosition:","-- ud","","METHOD","File","File.htm#8"
"RePosition:","ud --","","METHOD","File","File.htm#9"
"FileSize:","-- ud","","METHOD","File","File.htm#10"
"Append:","--","","METHOD","File","File.htm#11"
"Flush:","--","","METHOD","File","File.htm#12"
"ReadLine:","addr len -- len eof","","METHOD","File","File.htm#13"
"WriteLine:","addr len --","","METHOD","File","File.htm#14"
"Resize:","ud --","","METHOD","File","File.htm#15"
"Exist?:","-- f","","METHOD","File","File.htm#16"
"SetName:","addr cnt --","","METHOD","File","File.htm#17"
"GetName:","-- addr","","METHOD","File","File.htm#18"
"ClearName:","--","","METHOD","File","File.htm#19"
"SetMode:","mode --","","METHOD","File","File.htm#20"
"ErrorCode:","-- n","","METHOD","File","File.htm#21"
"ReadFile","","","CLASS","","File.htm#23"
"ReleaseBuffer:","--","","METHOD","ReadFile","File.htm#24"
"GetBuffer:","-- addr len","","METHOD","ReadFile","File.htm#25"
"GetLength:","-- len","","METHOD","ReadFile","File.htm#26"
"SetLength:","len --","","METHOD","ReadFile","File.htm#27"
"SetBuffer:","addr len --","","METHOD","ReadFile","File.htm#28"
"AllocBuffer:","len --","","METHOD","ReadFile","File.htm#29"
"LoadFile:","addr len -- f","","METHOD","ReadFile","File.htm#30"
"SaveFile:","--","","METHOD","ReadFile","File.htm#31"
"SQLiteDB","","","CLASS","","SQLite.htm#0"
"ERR:","--","thows an error on any problem","METHOD","SQLiteDB","SQLite.htm#1"
"Open:","str len --","","METHOD","SQLiteDB","SQLite.htm#2"
"Close:","-- flag","","METHOD","SQLiteDB","SQLite.htm#3"
"Version:","-- str len","","METHOD","SQLiteDB","SQLite.htm#4"
"Execute:","str len --","","METHOD","SQLiteDB","SQLite.htm#5"
"Requery:","--","","METHOD","SQLiteDB","SQLite.htm#6"
"FieldCnt:","-- n","","METHOD","SQLiteDB","SQLite.htm#7"
"FieldType:","field -- DataTypeEnum","","METHOD","SQLiteDB","SQLite.htm#8"
"FieldName:","field -- str len","","METHOD","SQLiteDB","SQLite.htm#9"
"GetInt:","field -- int","","METHOD","SQLiteDB","SQLite.htm#10"
"GetDouble:","field -- d","","METHOD","SQLiteDB","SQLite.htm#11"
"GetFloat:","field -- float","","METHOD","SQLiteDB","SQLite.htm#12"
"GetStr:","field -- str len","","METHOD","SQLiteDB","SQLite.htm#13"
"GetBLOB:","field -- addr len","","METHOD","SQLiteDB","SQLite.htm#14"
"isNull?:","field -- flag","","METHOD","SQLiteDB","SQLite.htm#15"
"NextRow:","-- flag","","METHOD","SQLiteDB","SQLite.htm#16"
"BindInt:","n i --","","METHOD","SQLiteDB","SQLite.htm#17"
"BindDouble:","d i --","","METHOD","SQLiteDB","SQLite.htm#18"
"BindFloat:","f i --","","METHOD","SQLiteDB","SQLite.htm#19"
"BindStr:","str len i --","","METHOD","SQLiteDB","SQLite.htm#20"
"BindBlob:","str len i --","","METHOD","SQLiteDB","SQLite.htm#21"
"ext-windc","","","CLASS","","ExtDC.htm#0"
"ClassInit:","--","","METHOD","ext-windc","ExtDC.htm#1"
"Destroy:","--","","METHOD","ext-windc","ExtDC.htm#2"
"SetHandle:","hObject --","","METHOD","ext-windc","ExtDC.htm#3"
"PutHandle:","hObject --","","METHOD","ext-windc","ExtDC.htm#4"
"~:","--","","METHOD","ext-windc","ExtDC.htm#5"
"bitmap-dc","","","CLASS","","BitmapDC.htm#0"
"ClassInit:","--","","METHOD","bitmap-dc","BitmapDC.htm#1"
"Valid?:","-- f","","METHOD","bitmap-dc","BitmapDC.htm#2"
"Fill:","color_object \ --","","METHOD","bitmap-dc","BitmapDC.htm#3"
"FillArea:","color_object --","","METHOD","bitmap-dc","BitmapDC.htm#4"
"Destroy:","--","","METHOD","bitmap-dc","BitmapDC.htm#5"
"Init:","width height RefDC \ --","","METHOD","bitmap-dc","BitmapDC.htm#6"
"Paint:","ps_left ps_top ps_right ps_bottom DestDC --","","METHOD","bitmap-dc","BitmapDC.htm#7"
"~:","--","","METHOD","bitmap-dc","BitmapDC.htm#8"
"CreateTimer:","-","","METHOD","","WaitableTimerClass.htm#0"
"StartTimer:","F: fseconds -","","METHOD","","WaitableTimerClass.htm#1"
"CancelWaitableTimer:","-","","METHOD","","WaitableTimerClass.htm#2"
"ClassInit:","--","","METHOD","","WaitableTimerClass.htm#3"
"GetHandle:","- hEvent","","METHOD","","EventClass.htm#0"
"SetHandle:","hEvent -","","METHOD","","EventClass.htm#1"
"ClassInit:","--","","METHOD","","EventClass.htm#2"
"Close:","--","","METHOD","","EventClass.htm#3"
"ClassInit:","--","","METHOD","","EventClass.htm#4"
"ADOConnection","","","CLASS","","ADO.htm#0"
"Start:","--","","METHOD","ADOConnection","ADO.htm#1"
"Connect:","--","","METHOD","ADOConnection","ADO.htm#2"
"Close:","-- flag","","METHOD","ADOConnection","ADO.htm#3"
"GetErrorCnt:","-- cnt","","METHOD","ADOConnection","ADO.htm#4"
"GetError:","cnt -- n","","METHOD","ADOConnection","ADO.htm#5"
"Error>str:","n -- str len","","METHOD","ADOConnection","ADO.htm#6"
"ClearErrors:","--","","METHOD","ADOConnection","ADO.htm#7"
"ERR:","n --","thows an error on any problem","METHOD","ADOConnection","ADO.htm#8"
"Transaction:","--","","METHOD","ADOConnection","ADO.htm#9"
"Commit:","--","","METHOD","ADOConnection","ADO.htm#10"
"RollBack:","--","","METHOD","ADOConnection","ADO.htm#11"
"GetTimeOut:","-- n","","METHOD","ADOConnection","ADO.htm#12"
"SetTimeOut:","n --","","METHOD","ADOConnection","ADO.htm#13"
"GetConnString:","-- str len","","METHOD","ADOConnection","ADO.htm#14"
"SetConnString:","str len --","","METHOD","ADOConnection","ADO.htm#15"
"GetProvider:","-- str len","","METHOD","ADOConnection","ADO.htm#16"
"SetProvider:","str len --","","METHOD","ADOConnection","ADO.htm#17"
"GetMode:","-- n","","METHOD","ADOConnection","ADO.htm#18"
"SetMode:","n --","","METHOD","ADOConnection","ADO.htm#19"
"GetState:","-- n","","METHOD","ADOConnection","ADO.htm#20"
"ADOCursor","","","CLASS","","ADO.htm#21"
"Start:","--","","METHOD","ADOCursor","ADO.htm#22"
"SetConnection:","ADOConnection --","","METHOD","ADOCursor","ADO.htm#23"
"GetCacheSize:","-- n","","METHOD","ADOCursor","ADO.htm#24"
"SetCacheSize:","n --","","METHOD","ADOCursor","ADO.htm#25"
"GetCursorType:","-- ctype","","METHOD","ADOCursor","ADO.htm#26"
"SetCursorType:","ctype --","","METHOD","ADOCursor","ADO.htm#27"
"GetLockType:","-- n","","METHOD","ADOCursor","ADO.htm#28"
"SetLockType:","n --","","METHOD","ADOCursor","ADO.htm#29"
"GetMaxRows:","-- n","","METHOD","ADOCursor","ADO.htm#30"
"SetMaxRows:","n --","","METHOD","ADOCursor","ADO.htm#31"
"Close:","--","","METHOD","ADOCursor","ADO.htm#32"
"GetState:","-- n","","METHOD","ADOCursor","ADO.htm#33"
"Executing?:","-- flag","","METHOD","ADOCursor","ADO.htm#34"
"Fetching?:","-- flag","","METHOD","ADOCursor","ADO.htm#35"
"Execute:","str len --","","METHOD","ADOCursor","ADO.htm#36"
"AsyncExecute:","str len --","","METHOD","ADOCursor","ADO.htm#37"
"Requery:","n --","","METHOD","ADOCursor","ADO.htm#38"
"RecordCount:","-- n","","METHOD","ADOCursor","ADO.htm#39"
"Move:","n --","","METHOD","ADOCursor","ADO.htm#40"
"MoveFirst:","--","","METHOD","ADOCursor","ADO.htm#41"
"MoveNext:","--","","METHOD","ADOCursor","ADO.htm#42"
"MovePrevious:","--","","METHOD","ADOCursor","ADO.htm#43"
"MoveLast:","--","","METHOD","ADOCursor","ADO.htm#44"
"EOF:","-- flag","","METHOD","ADOCursor","ADO.htm#45"
"BOF:","-- flag","","METHOD","ADOCursor","ADO.htm#46"
"FieldCnt:","-- n","","METHOD","ADOCursor","ADO.htm#47"
"FieldType:","field -- DataTypeEnum","","METHOD","ADOCursor","ADO.htm#48"
"FieldName:","field -- str len","","METHOD","ADOCursor","ADO.htm#49"
"FieldSize:","field -- n","","METHOD","ADOCursor","ADO.htm#50"
"GetInt:","field -- int","","METHOD","ADOCursor","ADO.htm#51"
"GetDouble:","field -- d","","METHOD","ADOCursor","ADO.htm#52"
"GetFloat:","field -- float","","METHOD","ADOCursor","ADO.htm#53"
"GetStr:","field -- str len","","METHOD","ADOCursor","ADO.htm#54"
"GetTimeStamp:","field -- float","","METHOD","ADOCursor","ADO.htm#55"
"GetDateTime:","field -- sec min hour day month year","","METHOD","ADOCursor","ADO.htm#56"
"isNull?:","field -- flag","","METHOD","ADOCursor","ADO.htm#57"
"SetInt:","int field --","","METHOD","ADOCursor","ADO.htm#58"
"SetDouble:","d field --","","METHOD","ADOCursor","ADO.htm#59"
"SetFloat:","float field --","","METHOD","ADOCursor","ADO.htm#60"
"SetNull:","field --","","METHOD","ADOCursor","ADO.htm#61"
"SetStr:","str len field --","","METHOD","ADOCursor","ADO.htm#62"
"SetTimeStamp:","float field --","","METHOD","ADOCursor","ADO.htm#63"
"SetDateTime:","sec min hour day month year field --","","METHOD","ADOCursor","ADO.htm#64"
"AddRow:","--","","METHOD","ADOCursor","ADO.htm#65"
"DeleteRow:","--","","METHOD","ADOCursor","ADO.htm#66"
"Update:","--","","METHOD","ADOCursor","ADO.htm#67"
"SaveNative:","str len --","","METHOD","ADOCursor","ADO.htm#68"
"SaveXML:","str len --","","METHOD","ADOCursor","ADO.htm#69"
"SaveADTG:","str len --","","METHOD","ADOCursor","ADO.htm#70"
"SaveCSV:","str len --","","METHOD","ADOCursor","ADO.htm#71"
"LoadFile:","str len --","","METHOD","ADOCursor","ADO.htm#72"
"Dump-Accelerator-Key-Table","a --","W32F sys","COLON","ADOCursor","p-AcceleratorTables.htm#0"
"AcceleratorTable","<name> --","","COLON","ADOCursor","p-AcceleratorTables.htm#1"
"Table","a --","W32F sys","COLON","ADOCursor","p-AcceleratorTables.htm#2"
"AccelEntry","flags key-code command-id --","W32F sys","COLON","ADOCursor","p-AcceleratorTables.htm#3"
"HandlesThem","Window --","W32F","COLON","ADOCursor","p-AcceleratorTables.htm#4"
"DisableAccelerators","a --","W32F","COLON","ADOCursor","p-AcceleratorTables.htm#5"
"EnableAccelerators","a --","W32F","COLON","ADOCursor","p-AcceleratorTables.htm#6"
"task>parm@","task-block -- parm","W32F    Task","COLON","ADOCursor","p-task.htm#4"
"exit-task","n --","W32F    Task","COLON","ADOCursor","p-task.htm#5"
"create-task","task-block -- flag","W32F    Task","COLON","ADOCursor","p-task.htm#6"
"run-task","task-block -- flag","W32F    Task","COLON","ADOCursor","p-task.htm#7"
"suspend-task","task-block -- flag","W32F    Task","COLON","ADOCursor","p-task.htm#8"
"resume-task","task-block -- flag","W32F    Task","COLON","ADOCursor","p-task.htm#9"
"stop-task","task-block --","W32F    Task","COLON","ADOCursor","p-task.htm#10"
"(task-block)","parm cfa-task addr -- len","W32F    Task","COLON","ADOCursor","p-task.htm#11"
"task-block","parm cfa-task -- addr","W32F    Task","COLON","ADOCursor","p-task.htm#12"
"task-stop?","task-block -- flag","W32F    Task","COLON","ADOCursor","p-task.htm#13"
"lock","lock --","W32F     Lock","COLON","ADOCursor","p-task.htm#14"
"unlock","lock --","W32F     Lock","COLON","ADOCursor","p-task.htm#15"
"trylock","lock -- fl","W32F    Lock","COLON","ADOCursor","p-task.htm#16"
"(make-lock)","-- lock","W32F    Lock","COLON","ADOCursor","p-task.htm#17"
"make-lock","compiling: ""name""  --  runtime: -- lock","W32F    Lock","COLON","ADOCursor","p-task.htm#18"
"(PRIVATE)","xt-of-voc --","W32F         Module System","COLON","ADOCursor","p-module.htm#0"
"PRIVATE","-<voc>-","W32F         Module System","COLON","ADOCursor","p-module.htm#1"
"INTERNAL","--","W32F         Module System","COLON","ADOCursor","p-module.htm#2"
"EXTERNAL","--","W32F         Module System","COLON","ADOCursor","p-module.htm#3"
"MODULE","--","W32F         Module System","COLON","ADOCursor","p-module.htm#4"
"cmethods","'class' --","W32F      Class debug","COLON","ADOCursor","p-classdbg.htm#0"
"methods","object-address --","W32F      Class debug","COLON","ADOCursor","p-classdbg.htm#1"
"ivars","object-address --","W32F      Class debug","COLON","ADOCursor","p-classdbg.htm#2"
"matches","-""name""-","W32F      Class debug","COLON","ADOCursor","p-classdbg.htm#3"
"objects","'class' --","W32F       Class debug","COLON","ADOCursor","p-classdbg.htm#4"
"msee","-<method object>-","W32F      Class debug","COLON","ADOCursor","p-classdbg.htm#5"
"mdebug","-<method object>-","W32F      Class debug","COLON","ADOCursor","p-classdbg.htm#6"
"mdbg","-<method object>-","W32F       Class debug","COLON","ADOCursor","p-classdbg.htm#7"
">fregs","addr --","W32F         Floating extra","CODE","ADOCursor","p-float.htm#0"
">fregs>","addr --","W32F        Floating extra","CODE","ADOCursor","p-float.htm#1"
"fpcw>","-- n","W32F        Floating extra","CODE","ADOCursor","p-float.htm#2"
">fpcw","n --","W32F        Floating extra","CODE","ADOCursor","p-float.htm#3"
"fpsw>","-- n","W32F        Floating extra","CODE","ADOCursor","p-float.htm#4"
"B/FLOAT","-- n","W32F         Floating extra","CONSTANT","ADOCursor","p-float.htm#5"
"cells/float","","","VALUE","ADOCursor","p-float.htm#6"
"FLOATSP","-- addr","W32F             Floating extra","NEWUSER","ADOCursor","p-float.htm#7"
"finit","--","W32F    Floating extra","CODE","ADOCursor","p-float.htm#8"
"F@","addr -- ; fs: -- r","ANSI      Floating","CODE","ADOCursor","p-float.htm#9"
"SF@","addr -- ; fs: -- r","ANSI       Floating ext","CODE","ADOCursor","p-float.htm#10"
"DF@","addr -- ; fs: -- r","ANSI       Floating ext","CODE","ADOCursor","p-float.htm#11"
"F!","addr -- ; fs: r --","ANSI        Floating","CODE","ADOCursor","p-float.htm#12"
"SF!","addr -- ; fs: r --","ANSI        Floating ext","CODE","ADOCursor","p-float.htm#13"
"DF!","addr -- ; fs: r --","ANSI        Floating ext","CODE","ADOCursor","p-float.htm#14"
"F+!","addr -- ; fs: r --","W32F       Floating extra","CODE","ADOCursor","p-float.htm#15"
"F,","fs: r --","W32F        Floating extra","COLON","ADOCursor","p-float.htm#16"
"FVARIABLE","compiling ""name""  -- ; run-time -- addr","ANSI        Floating","COLON","ADOCursor","p-float.htm#17"
"FVALUE","compiling ""name"" -- ; fs: r -- ; run-time FS: -- r","W32F    Floating ext","COLON","ADOCursor","p-float.htm#18"
"fto","","W32F               Floating extra","SYNONYM","ADOCursor","p-float.htm#19"
"+fto","","W32F               Floating extra","SYNONYM","ADOCursor","p-float.htm#20"
"FCONSTANT","""name"" -- ; fs: r --","ANSI               Floating","COLON","ADOCursor","p-float.htm#21"
"FLITERAL","Compilation fs: r -- ; Runtime fs: -- r","ANSI         Floating","COLON","ADOCursor","p-float.htm#22"
"DFIELD:","n1 ""name"" -- n2","","COLON","ADOCursor","p-float.htm#23"
"FFIELD:","n1 ""name"" -- n2","","COLON","ADOCursor","p-float.htm#24"
"SFIELD:","n1 ""name"" -- n2","","COLON","ADOCursor","p-float.htm#25"
"FDROP","fs: r --","ANSI           Floating","CODE","ADOCursor","p-float.htm#26"
"FDUP","fs: r -- r r","ANSI           Floating","CODE","ADOCursor","p-float.htm#27"
"FSWAP","fs: r1 r2 -- r2 r1","ANSI          Floating","CODE","ADOCursor","p-float.htm#28"
"FOVER","fs: r1 r2 -- r1 r2 r1","ANSI           Floating","CODE","ADOCursor","p-float.htm#29"
"FROT","fs: r1 r2 r3 -- r2 r3 r1","ANSI          Floating","CODE","ADOCursor","p-float.htm#30"
"FPICK","n -- ; fs: -- r","W32F         Floating extra","CODE","ADOCursor","p-float.htm#31"
"FNIP","fs: r1 r2 -- r2","W32F          Floating extra","COLON","ADOCursor","p-float.htm#32"
"F2DROP","fs: r1 r2 --","W32F          Floating extra","CODE","ADOCursor","p-float.htm#33"
"F2DUP","fs: r1 r2 -- r1 r2 r1 r2","W32F          Floating extra","COLON","ADOCursor","p-float.htm#34"
"F2SWAP","fs: r1 r2 r3 r4 -- r3 r4 r1 r2","W32F     Floating extra","COLON","ADOCursor","p-float.htm#35"
"F2NIP","fs: r1 r2 r3 r4 -- r3 r4","W32F          Floating extra","COLON","ADOCursor","p-float.htm#36"
"fpi","fs: -- r","W32F           Floating extra","CODE","ADOCursor","p-float.htm#37"
"f0.0","fs: -- r","W32F          Floating extra","CODE","ADOCursor","p-float.htm#38"
"f1.0","fs: -- r","W32F          Floating extra","CODE","ADOCursor","p-float.htm#39"
"fL2t","fs: -- r","W32F          Floating extra","CODE","ADOCursor","p-float.htm#40"
"fL2e","fs: -- r","W32F          Floating extra","CODE","ADOCursor","p-float.htm#41"
"fLog2","fs: -- r","W32F          Floating extra","CODE","ADOCursor","p-float.htm#42"
"fLn2","fs: -- r","W32F          Floating extra","CODE","ADOCursor","p-float.htm#43"
"finf","fs: -- r","W32F             Floating extra","FCONSTANT","ADOCursor","p-float.htm#44"
"f2.0","fs: -- r","W32F             Floating extra","FCONSTANT","ADOCursor","p-float.htm#45"
"f10.0","fs: -- r","W32F             Floating extra","FCONSTANT","ADOCursor","p-float.htm#46"
"f0.5","fs: -- r","W32F             Floating extra","FCONSTANT","ADOCursor","p-float.htm#47"
"fbig","fs: -- r","W32F             Floating extra","FCONSTANT","ADOCursor","p-float.htm#48"
"feps","fs: -- r","W32F             Floating extra","FCONSTANT","ADOCursor","p-float.htm#49"
"fsmall","fs: -- r","W32F             Floating extra","FCONSTANT","ADOCursor","p-float.htm#50"
"a2**63","-- addr","W32F             Floating extra","FVARIABLE","ADOCursor","p-float.htm#51"
"sq2m1","-- addr","W32F             Floating extra","FVARIABLE","ADOCursor","p-float.htm#52"
"sq2/2m1","-- addr","W32F             Floating extra","FVARIABLE","ADOCursor","p-float.htm#53"
"FLOOR","fs: r1 --  r2","ANSI         Floating","CODE","ADOCursor","p-float.htm#54"
"FCEIL","fs: r1 -- r2","W32F         Floating extra","CODE","ADOCursor","p-float.htm#55"
"FTRUNC","fs: r1 -- r2","W32F         Floating extra","CODE","ADOCursor","p-float.htm#56"
"FROUND","fs: r1 -- r2","ANSI         Floating","CODE","ADOCursor","p-float.htm#57"
"D>F","d -- ; Fs: -- r","ANSI           Floating","CODE","ADOCursor","p-float.htm#58"
"F>D","-- d ; fs: r --","ANSI           Floating","CODE","ADOCursor","p-float.htm#59"
"ZF>D","-- d ; fs: r --","W32F           Floating extra","CODE","ADOCursor","p-float.htm#60"
"s>f","n -- ; fs: -- r","W32F            Floating extra","COLON","ADOCursor","p-float.htm#61"
"f>s","-- n ; fs: r --","W32F           Floating extra","COLON","ADOCursor","p-float.htm#62"
"FS>DS","-- dfloat fs: r --","W32F           Floating extra","CODE","ADOCursor","p-float.htm#63"
"SFS>DS","-- float ; fs: r --","W32F           Floating extra","CODE","ADOCursor","p-float.htm#64"
"F0=","-- f ; fs: r --","ANSI           Floating","COLON","ADOCursor","p-float.htm#65"
"F0<","-- f ; fs: r --","ANSI           Floating","COLON","ADOCursor","p-float.htm#66"
"f0>","-- f ; fs: r --","W32F           Floating extra","COLON","ADOCursor","p-float.htm#67"
"f=","-- f ; fs: r1 r2 --","W32F           Floating extra","COLON","ADOCursor","p-float.htm#68"
"F<","-- f ; fs: r1 r2 --","ANSI           Floating","COLON","ADOCursor","p-float.htm#69"
"f>","-- f ; fs: r1 r2 --","W32F           Floating extra","COLON","ADOCursor","p-float.htm#70"
"f<=","-- f ; fs: r1 r2 --","W32F           Floating extra","COLON","ADOCursor","p-float.htm#71"
"f>=","-- f ; fs: r1 r2 --","W32F           Floating extra","COLON","ADOCursor","p-float.htm#72"
"FMAX","fs: r1 r2 -- r3","ANSI           Floating","COLON","ADOCursor","p-float.htm#73"
"FMIN","fs: r1 r2 -- r3","ANSI           Floating","COLON","ADOCursor","p-float.htm#74"
"F+","fs: r1 r2 -- r3","ANSI          Floating","CODE","ADOCursor","p-float.htm#75"
"F-","fs: r1 r2 -- r3","ANSI          Floating","CODE","ADOCursor","p-float.htm#76"
"F*","fs: r1 r2 -- r3","ANSI          Floating","CODE","ADOCursor","p-float.htm#77"
"F/","fs: r1 r2 -- r3","ANSI         Floating","CODE","ADOCursor","p-float.htm#78"
"FNEGATE","fs: r1 -- r2","ANSI          Floating","CODE","ADOCursor","p-float.htm#79"
"1/f","fs: r1 -- r2","W32F        Floating extra","COLON","ADOCursor","p-float.htm#80"
"f2*","fs: r1 -- r2","W32F        Floating extra","CODE","ADOCursor","p-float.htm#81"
"f2/","fs: r1 -- r2","W32F        Floating extra","CODE","ADOCursor","p-float.htm#82"
"FABS","fs: r1 -- r2","ANSI        Floating ext","CODE","ADOCursor","p-float.htm#83"
"FSQRT","fs: r1 -- r2","ANSI        Floating ext","CODE","ADOCursor","p-float.htm#84"
"F~","-- flag ; fs: r1 r2 r3 --","ANSI        Floating ext","COLON","ADOCursor","p-float.htm#85"
"FSIN","fs: r1 -- r2","ANSI         Floating ext","COLON","ADOCursor","p-float.htm#86"
"FCOS","fs: r1 -- r2","ANSI         Floating ext","COLON","ADOCursor","p-float.htm#87"
"FSINCOS","fs: r1 -- r2 r3","ANSI         Floating ext","COLON","ADOCursor","p-float.htm#88"
"FTAN","fs: r1 -- r2","ANSI         Floating ext","COLON","ADOCursor","p-float.htm#89"
"FASIN","fs: r1 -- r2","ANSI         Floating ext","CODE","ADOCursor","p-float.htm#90"
"FACOS","fs: r1 -- r2","ANSI         Floating ext","CODE","ADOCursor","p-float.htm#91"
"FATAN","fs: r1 -- r2","ANSI          Floating ext","CODE","ADOCursor","p-float.htm#92"
"FATAN2","fs: r1 r2 -- r3","ANSI         Floating ext","CODE","ADOCursor","p-float.htm#93"
"FLN","fs: r1 -- r2","ANSI            Floating ext","CODE","ADOCursor","p-float.htm#94"
"FLNP1","fs: r1 -- r2","ANSI           Floating ext","CODE","ADOCursor","p-float.htm#95"
"FLOG","fs: r1 -- r2","ANSI       Floating ext","CODE","ADOCursor","p-float.htm#96"
"FEXP","fs: r1 -- r2","ANSI       Floating ext","CODE","ADOCursor","p-float.htm#97"
"FEXPM1","fs: r1 -- r2","ANSI      Floating ext","CODE","ADOCursor","p-float.htm#98"
"f**","fs: r1 r2 -- r3","ANSI            Floating ext","COLON","ADOCursor","p-float.htm#99"
"FALOG","fs: r1 -- r2","ANSI           Floating ext","COLON","ADOCursor","p-float.htm#100"
"FSINH","fs: r1 -- r2","ANSI             Floating ext","COLON","ADOCursor","p-float.htm#101"
"FCOSH","fs: r1 -- r2","ANSI             Floating ext","COLON","ADOCursor","p-float.htm#102"
"FTANH","fs: r1 -- r2","ANSI             Floating ext","COLON","ADOCursor","p-float.htm#103"
"FASINH","fs: r1 -- r2","ANSI             Floating ext","CODE","ADOCursor","p-float.htm#104"
"FACOSH","fs: r1 -- r2","ANSI            Floating ext","CODE","ADOCursor","p-float.htm#105"
"FATANH","fs: r1 -- r2","ANSI             Floating ext","COLON","ADOCursor","p-float.htm#106"
">FLOAT","addr len -- f ; fs: -- r | <nothing>","ANSI           Floating","COLON","ADOCursor","p-float.htm#107"
"f#","Interpretation: ""fp no."" -- ; fs: -- r","W32F             Floating extra","COLON","ADOCursor","p-float.htm#108"
"REPRESENT","addr u -- n flag1 flag2 ; fs: r --","ANSI          Floating","COLON","ADOCursor","p-float.htm#109"
"PRECISION","-- u","ANSI         Floating ext","COLON","ADOCursor","p-float.htm#110"
"SET-PRECISION","u --","ANSI         Floating ext","COLON","ADOCursor","p-float.htm#111"
"min-precision","u --","W32F         Floating extra","COLON","ADOCursor","p-float.htm#112"
"(F.)","addr -- ; fs: r --","W32F         Floating extra","COLON","ADOCursor","p-float.htm#113"
"(FE.)","addr -- ; fs: r --","W32F        Floating extra","COLON","ADOCursor","p-float.htm#114"
"(FS.)","addr -- ; fs: r --","W32F        Floating extra","COLON","ADOCursor","p-float.htm#115"
"(E.)","FS.","","COLON","ADOCursor","p-float.htm#116"
"(G.)","addr -- ; fs: r --","W32F           Floating extra","COLON","ADOCursor","p-float.htm#117"
"F.","fs: r --","ANSI            Floating ext","COLON","ADOCursor","p-float.htm#118"
"FE.","fs: r --","ANSI            Floating ext","COLON","ADOCursor","p-float.htm#119"
"FS.","fs: r --","ANSI            Floating ext","COLON","ADOCursor","p-float.htm#120"
"E.","","Synonym of FS.","COLON","ADOCursor","p-float.htm#121"
"G.","fs: r --","W32F            Floating extra","COLON","ADOCursor","p-float.htm#122"
"f.s","--","W32F          Floating debug","COLON","ADOCursor","p-float.htm#123"
".fdepth","--","W32F          Floating debug","COLON","ADOCursor","p-float.htm#124"
"fdump","--","W32F        Floating debug","COLON","ADOCursor","p-float.htm#125"
